Campaign,Campaign type,Campaign status,Campaign daily budget,Bid strategy type,Networks,Languages,Final URL suffix,Location,Ad group,Ad group status,Max CPC,Keyword,Criterion type,Ad type,Status,Headline 1,Headline 2,Headline 3,Headline 4,Headline 5,Headline 6,Headline 7,Headline 8,Headline 9,Headline 10,Headline 11,Headline 12,Headline 13,Headline 14,Headline 15,Description 1,Description 2,Description 3,Description 4,Path 1,Path 2,Final URL
TML | Search | Head Terms,Search,Paused,171.05,Manual CPC,Google search;Search Partners,en,utm_source=google&utm_medium=cpc&utm_campaign={campaignid}&utm_content={adgroupid}&utm_term={keyword}&mt={matchtype}&dev={device},,,,,,,,,,,,,,,,,,,,,,,,,,,,,,
TML | Search | Install & Replace,Search,Paused,82.24,Manual CPC,Google search;Search Partners,en,utm_source=google&utm_medium=cpc&utm_campaign={campaignid}&utm_content={adgroupid}&utm_term={keyword}&mt={matchtype}&dev={device},,,,,,,,,,,,,,,,,,,,,,,,,,,,,,
TML | Search | Commercial & Gates,Search,Paused,29.61,Manual CPC,Google search;Search Partners,en,utm_source=google&utm_medium=cpc&utm_campaign={campaignid}&utm_content={adgroupid}&utm_term={keyword}&mt={matchtype}&dev={device},,,,,,,,,,,,,,,,,,,,,,,,,,,,,,
TML | Search | Components & Symptoms,Search,Paused,26.32,Manual CPC,Google search;Search Partners,en,utm_source=google&utm_medium=cpc&utm_campaign={campaignid}&utm_content={adgroupid}&utm_term={keyword}&mt={matchtype}&dev={device},,,,,,,,,,,,,,,,,,,,,,,,,,,,,,
TML | Search | Competitor,Search,Paused,13.16,Manual CPC,Google search;Search Partners,en,utm_source=google&utm_medium=cpc&utm_campaign={campaignid}&utm_content={adgroupid}&utm_term={keyword}&mt={matchtype}&dev={device},,,,,,,,,,,,,,,,,,,,,,,,,,,,,,
TML | Search | Brand,Search,Paused,6.58,Manual CPC,Google search;Search Partners,en,utm_source=google&utm_medium=cpc&utm_campaign={campaignid}&utm_content={adgroupid}&utm_term={keyword}&mt={matchtype}&dev={device},,,,,,,,,,,,,,,,,,,,,,,,,,,,,,
TML | Search | Head Terms,,,,,,,,"25 mi radius around Conroe, Texas",,,,,,,,,,,,,,,,,,,,,,,,,,,,,
TML | Search | Head Terms,,,,,,,,"Conroe, Texas",,,,,,,,,,,,,,,,,,,,,,,,,,,,,
TML | Search | Head Terms,,,,,,,,"The Woodlands, Texas",,,,,,,,,,,,,,,,,,,,,,,,,,,,,
TML | Search | Head Terms,,,,,,,,"Spring, Texas",,,,,,,,,,,,,,,,,,,,,,,,,,,,,
TML | Search | Head Terms,,,,,,,,"Montgomery, Texas",,,,,,,,,,,,,,,,,,,,,,,,,,,,,
TML | Search | Head Terms,,,,,,,,"Willis, Texas",,,,,,,,,,,,,,,,,,,,,,,,,,,,,
TML | Search | Head Terms,,,,,,,,"Magnolia, Texas",,,,,,,,,,,,,,,,,,,,,,,,,,,,,
TML | Search | Head Terms,,,,,,,,"Tomball, Texas",,,,,,,,,,,,,,,,,,,,,,,,,,,,,
TML | Search | Head Terms,,,,,,,,"Porter, Texas",,,,,,,,,,,,,,,,,,,,,,,,,,,,,
TML | Search | Head Terms,,,,,,,,"New Caney, Texas",,,,,,,,,,,,,,,,,,,,,,,,,,,,,
TML | Search | Head Terms,,,,,,,,"Shenandoah, Texas",,,,,,,,,,,,,,,,,,,,,,,,,,,,,
TML | Search | Head Terms,,,,,,,,"Oak Ridge North, Texas",,,,,,,,,,,,,,,,,,,,,,,,,,,,,
TML | Search | Head Terms,,,,,,,,"Splendora, Texas",,,,,,,,,,,,,,,,,,,,,,,,,,,,,
TML | Search | Install & Replace,,,,,,,,"25 mi radius around Conroe, Texas",,,,,,,,,,,,,,,,,,,,,,,,,,,,,
TML | Search | Install & Replace,,,,,,,,"Conroe, Texas",,,,,,,,,,,,,,,,,,,,,,,,,,,,,
TML | Search | Install & Replace,,,,,,,,"The Woodlands, Texas",,,,,,,,,,,,,,,,,,,,,,,,,,,,,
TML | Search | Install & Replace,,,,,,,,"Spring, Texas",,,,,,,,,,,,,,,,,,,,,,,,,,,,,
TML | Search | Install & Replace,,,,,,,,"Montgomery, Texas",,,,,,,,,,,,,,,,,,,,,,,,,,,,,
TML | Search | Install & Replace,,,,,,,,"Willis, Texas",,,,,,,,,,,,,,,,,,,,,,,,,,,,,
TML | Search | Install & Replace,,,,,,,,"Magnolia, Texas",,,,,,,,,,,,,,,,,,,,,,,,,,,,,
TML | Search | Install & Replace,,,,,,,,"Tomball, Texas",,,,,,,,,,,,,,,,,,,,,,,,,,,,,
TML | Search | Install & Replace,,,,,,,,"Porter, Texas",,,,,,,,,,,,,,,,,,,,,,,,,,,,,
TML | Search | Install & Replace,,,,,,,,"New Caney, Texas",,,,,,,,,,,,,,,,,,,,,,,,,,,,,
TML | Search | Install & Replace,,,,,,,,"Shenandoah, Texas",,,,,,,,,,,,,,,,,,,,,,,,,,,,,
TML | Search | Install & Replace,,,,,,,,"Oak Ridge North, Texas",,,,,,,,,,,,,,,,,,,,,,,,,,,,,
TML | Search | Install & Replace,,,,,,,,"Splendora, Texas",,,,,,,,,,,,,,,,,,,,,,,,,,,,,
TML | Search | Commercial & Gates,,,,,,,,"25 mi radius around Conroe, Texas",,,,,,,,,,,,,,,,,,,,,,,,,,,,,
TML | Search | Commercial & Gates,,,,,,,,"Conroe, Texas",,,,,,,,,,,,,,,,,,,,,,,,,,,,,
TML | Search | Commercial & Gates,,,,,,,,"The Woodlands, Texas",,,,,,,,,,,,,,,,,,,,,,,,,,,,,
TML | Search | Commercial & Gates,,,,,,,,"Spring, Texas",,,,,,,,,,,,,,,,,,,,,,,,,,,,,
TML | Search | Commercial & Gates,,,,,,,,"Montgomery, Texas",,,,,,,,,,,,,,,,,,,,,,,,,,,,,
TML | Search | Commercial & Gates,,,,,,,,"Willis, Texas",,,,,,,,,,,,,,,,,,,,,,,,,,,,,
TML | Search | Commercial & Gates,,,,,,,,"Magnolia, Texas",,,,,,,,,,,,,,,,,,,,,,,,,,,,,
TML | Search | Commercial & Gates,,,,,,,,"Tomball, Texas",,,,,,,,,,,,,,,,,,,,,,,,,,,,,
TML | Search | Commercial & Gates,,,,,,,,"Porter, Texas",,,,,,,,,,,,,,,,,,,,,,,,,,,,,
TML | Search | Commercial & Gates,,,,,,,,"New Caney, Texas",,,,,,,,,,,,,,,,,,,,,,,,,,,,,
TML | Search | Commercial & Gates,,,,,,,,"Shenandoah, Texas",,,,,,,,,,,,,,,,,,,,,,,,,,,,,
TML | Search | Commercial & Gates,,,,,,,,"Oak Ridge North, Texas",,,,,,,,,,,,,,,,,,,,,,,,,,,,,
TML | Search | Commercial & Gates,,,,,,,,"Splendora, Texas",,,,,,,,,,,,,,,,,,,,,,,,,,,,,
TML | Search | Components & Symptoms,,,,,,,,"25 mi radius around Conroe, Texas",,,,,,,,,,,,,,,,,,,,,,,,,,,,,
TML | Search | Components & Symptoms,,,,,,,,"Conroe, Texas",,,,,,,,,,,,,,,,,,,,,,,,,,,,,
TML | Search | Components & Symptoms,,,,,,,,"The Woodlands, Texas",,,,,,,,,,,,,,,,,,,,,,,,,,,,,
TML | Search | Components & Symptoms,,,,,,,,"Spring, Texas",,,,,,,,,,,,,,,,,,,,,,,,,,,,,
TML | Search | Components & Symptoms,,,,,,,,"Montgomery, Texas",,,,,,,,,,,,,,,,,,,,,,,,,,,,,
TML | Search | Components & Symptoms,,,,,,,,"Willis, Texas",,,,,,,,,,,,,,,,,,,,,,,,,,,,,
TML | Search | Components & Symptoms,,,,,,,,"Magnolia, Texas",,,,,,,,,,,,,,,,,,,,,,,,,,,,,
TML | Search | Components & Symptoms,,,,,,,,"Tomball, Texas",,,,,,,,,,,,,,,,,,,,,,,,,,,,,
TML | Search | Components & Symptoms,,,,,,,,"Porter, Texas",,,,,,,,,,,,,,,,,,,,,,,,,,,,,
TML | Search | Components & Symptoms,,,,,,,,"New Caney, Texas",,,,,,,,,,,,,,,,,,,,,,,,,,,,,
TML | Search | Components & Symptoms,,,,,,,,"Shenandoah, Texas",,,,,,,,,,,,,,,,,,,,,,,,,,,,,
TML | Search | Components & Symptoms,,,,,,,,"Oak Ridge North, Texas",,,,,,,,,,,,,,,,,,,,,,,,,,,,,
TML | Search | Components & Symptoms,,,,,,,,"Splendora, Texas",,,,,,,,,,,,,,,,,,,,,,,,,,,,,
TML | Search | Competitor,,,,,,,,"25 mi radius around Conroe, Texas",,,,,,,,,,,,,,,,,,,,,,,,,,,,,
TML | Search | Competitor,,,,,,,,"Conroe, Texas",,,,,,,,,,,,,,,,,,,,,,,,,,,,,
TML | Search | Competitor,,,,,,,,"The Woodlands, Texas",,,,,,,,,,,,,,,,,,,,,,,,,,,,,
TML | Search | Competitor,,,,,,,,"Spring, Texas",,,,,,,,,,,,,,,,,,,,,,,,,,,,,
TML | Search | Competitor,,,,,,,,"Montgomery, Texas",,,,,,,,,,,,,,,,,,,,,,,,,,,,,
TML | Search | Competitor,,,,,,,,"Willis, Texas",,,,,,,,,,,,,,,,,,,,,,,,,,,,,
TML | Search | Competitor,,,,,,,,"Magnolia, Texas",,,,,,,,,,,,,,,,,,,,,,,,,,,,,
TML | Search | Competitor,,,,,,,,"Tomball, Texas",,,,,,,,,,,,,,,,,,,,,,,,,,,,,
TML | Search | Competitor,,,,,,,,"Porter, Texas",,,,,,,,,,,,,,,,,,,,,,,,,,,,,
TML | Search | Competitor,,,,,,,,"New Caney, Texas",,,,,,,,,,,,,,,,,,,,,,,,,,,,,
TML | Search | Competitor,,,,,,,,"Shenandoah, Texas",,,,,,,,,,,,,,,,,,,,,,,,,,,,,
TML | Search | Competitor,,,,,,,,"Oak Ridge North, Texas",,,,,,,,,,,,,,,,,,,,,,,,,,,,,
TML | Search | Competitor,,,,,,,,"Splendora, Texas",,,,,,,,,,,,,,,,,,,,,,,,,,,,,
TML | Search | Brand,,,,,,,,"25 mi radius around Conroe, Texas",,,,,,,,,,,,,,,,,,,,,,,,,,,,,
TML | Search | Brand,,,,,,,,"Conroe, Texas",,,,,,,,,,,,,,,,,,,,,,,,,,,,,
TML | Search | Brand,,,,,,,,"The Woodlands, Texas",,,,,,,,,,,,,,,,,,,,,,,,,,,,,
TML | Search | Brand,,,,,,,,"Spring, Texas",,,,,,,,,,,,,,,,,,,,,,,,,,,,,
TML | Search | Brand,,,,,,,,"Montgomery, Texas",,,,,,,,,,,,,,,,,,,,,,,,,,,,,
TML | Search | Brand,,,,,,,,"Willis, Texas",,,,,,,,,,,,,,,,,,,,,,,,,,,,,
TML | Search | Brand,,,,,,,,"Magnolia, Texas",,,,,,,,,,,,,,,,,,,,,,,,,,,,,
TML | Search | Brand,,,,,,,,"Tomball, Texas",,,,,,,,,,,,,,,,,,,,,,,,,,,,,
TML | Search | Brand,,,,,,,,"Porter, Texas",,,,,,,,,,,,,,,,,,,,,,,,,,,,,
TML | Search | Brand,,,,,,,,"New Caney, Texas",,,,,,,,,,,,,,,,,,,,,,,,,,,,,
TML | Search | Brand,,,,,,,,"Shenandoah, Texas",,,,,,,,,,,,,,,,,,,,,,,,,,,,,
TML | Search | Brand,,,,,,,,"Oak Ridge North, Texas",,,,,,,,,,,,,,,,,,,,,,,,,,,,,
TML | Search | Brand,,,,,,,,"Splendora, Texas",,,,,,,,,,,,,,,,,,,,,,,,,,,,,
TML | Search | Components & Symptoms,,,,,,,,,Sensors & Safety,Enabled,6.00,,,,,,,,,,,,,,,,,,,,,,,,,,
TML | Search | Components & Symptoms,,,,,,,,,Springs & Cables,Enabled,8.00,,,,,,,,,,,,,,,,,,,,,,,,,,
TML | Search | Components & Symptoms,,,,,,,,,Rollers Tracks Panels,Enabled,9.00,,,,,,,,,,,,,,,,,,,,,,,,,,
TML | Search | Components & Symptoms,,,,,,,,,Opener Mechanics,Enabled,9.00,,,,,,,,,,,,,,,,,,,,,,,,,,
TML | Search | Components & Symptoms,,,,,,,,,Symptoms,Enabled,12.00,,,,,,,,,,,,,,,,,,,,,,,,,,
TML | Search | Components & Symptoms,,,,,,,,,Install Near Me,Enabled,8.00,,,,,,,,,,,,,,,,,,,,,,,,,,
TML | Search | Head Terms,,,,,,,,,Repair Core,Enabled,30.00,,,,,,,,,,,,,,,,,,,,,,,,,,
TML | Search | Head Terms,,,,,,,,,Springs Head,Enabled,30.00,,,,,,,,,,,,,,,,,,,,,,,,,,
TML | Search | Head Terms,,,,,,,,,Local Towns,Enabled,26.00,,,,,,,,,,,,,,,,,,,,,,,,,,
TML | Search | Head Terms,,,,,,,,,Emergency Capped,Enabled,22.00,,,,,,,,,,,,,,,,,,,,,,,,,,
TML | Search | Head Terms,,,,,,,,,Tune Up,Enabled,14.00,,,,,,,,,,,,,,,,,,,,,,,,,,
TML | Search | Install & Replace,,,,,,,,,New Door Install,Enabled,26.00,,,,,,,,,,,,,,,,,,,,,,,,,,
TML | Search | Install & Replace,,,,,,,,,Door Types,Enabled,8.00,,,,,,,,,,,,,,,,,,,,,,,,,,
TML | Search | Install & Replace,,,,,,,,,Opener Install & Brands,Enabled,16.00,,,,,,,,,,,,,,,,,,,,,,,,,,
TML | Search | Commercial & Gates,,,,,,,,,Commercial Overhead,Enabled,40.00,,,,,,,,,,,,,,,,,,,,,,,,,,
TML | Search | Commercial & Gates,,,,,,,,,Gates,Enabled,20.00,,,,,,,,,,,,,,,,,,,,,,,,,,
TML | Search | Competitor,,,,,,,,,Competitor Brands,Enabled,8.00,,,,,,,,,,,,,,,,,,,,,,,,,,
TML | Search | Brand,,,,,,,,,TML Brand,Enabled,3.00,,,,,,,,,,,,,,,,,,,,,,,,,,
TML | Search | Head Terms,,,,,,,,,,,,diy,Campaign Negative Phrase,,,,,,,,,,,,,,,,,,,,,,,,
TML | Search | Head Terms,,,,,,,,,,,,do it yourself,Campaign Negative Phrase,,,,,,,,,,,,,,,,,,,,,,,,
TML | Search | Head Terms,,,,,,,,,,,,how to,Campaign Negative Phrase,,,,,,,,,,,,,,,,,,,,,,,,
TML | Search | Head Terms,,,,,,,,,,,,how do i,Campaign Negative Phrase,,,,,,,,,,,,,,,,,,,,,,,,
TML | Search | Head Terms,,,,,,,,,,,,how can i,Campaign Negative Phrase,,,,,,,,,,,,,,,,,,,,,,,,
TML | Search | Head Terms,,,,,,,,,,,,fix it myself,Campaign Negative Phrase,,,,,,,,,,,,,,,,,,,,,,,,
TML | Search | Head Terms,,,,,,,,,,,,fix myself,Campaign Negative Phrase,,,,,,,,,,,,,,,,,,,,,,,,
TML | Search | Head Terms,,,,,,,,,,,,repair myself,Campaign Negative Phrase,,,,,,,,,,,,,,,,,,,,,,,,
TML | Search | Head Terms,,,,,,,,,,,,tutorial,Campaign Negative Phrase,,,,,,,,,,,,,,,,,,,,,,,,
TML | Search | Head Terms,,,,,,,,,,,,youtube,Campaign Negative Phrase,,,,,,,,,,,,,,,,,,,,,,,,
TML | Search | Head Terms,,,,,,,,,,,,video,Campaign Negative Phrase,,,,,,,,,,,,,,,,,,,,,,,,
TML | Search | Head Terms,,,,,,,,,,,,instructions,Campaign Negative Phrase,,,,,,,,,,,,,,,,,,,,,,,,
TML | Search | Head Terms,,,,,,,,,,,,manual,Campaign Negative Phrase,,,,,,,,,,,,,,,,,,,,,,,,
TML | Search | Head Terms,,,,,,,,,,,,step by step,Campaign Negative Phrase,,,,,,,,,,,,,,,,,,,,,,,,
TML | Search | Head Terms,,,,,,,,,,,,homemade,Campaign Negative Phrase,,,,,,,,,,,,,,,,,,,,,,,,
TML | Search | Head Terms,,,,,,,,,,,,troubleshoot,Campaign Negative Phrase,,,,,,,,,,,,,,,,,,,,,,,,
TML | Search | Head Terms,,,,,,,,,,,,troubleshooting,Campaign Negative Phrase,,,,,,,,,,,,,,,,,,,,,,,,
TML | Search | Head Terms,,,,,,,,,,,,reset code,Campaign Negative Phrase,,,,,,,,,,,,,,,,,,,,,,,,
TML | Search | Head Terms,,,,,,,,,,,,program remote,Campaign Negative Phrase,,,,,,,,,,,,,,,,,,,,,,,,
TML | Search | Head Terms,,,,,,,,,,,,programming,Campaign Negative Phrase,,,,,,,,,,,,,,,,,,,,,,,,
TML | Search | Head Terms,,,,,,,,,,,,reprogram,Campaign Negative Phrase,,,,,,,,,,,,,,,,,,,,,,,,
TML | Search | Head Terms,,,,,,,,,,,,myq setup,Campaign Negative Phrase,,,,,,,,,,,,,,,,,,,,,,,,
TML | Search | Head Terms,,,,,,,,,,,,job,Campaign Negative Phrase,,,,,,,,,,,,,,,,,,,,,,,,
TML | Search | Head Terms,,,,,,,,,,,,jobs,Campaign Negative Phrase,,,,,,,,,,,,,,,,,,,,,,,,
TML | Search | Head Terms,,,,,,,,,,,,career,Campaign Negative Phrase,,,,,,,,,,,,,,,,,,,,,,,,
TML | Search | Head Terms,,,,,,,,,,,,careers,Campaign Negative Phrase,,,,,,,,,,,,,,,,,,,,,,,,
TML | Search | Head Terms,,,,,,,,,,,,hiring,Campaign Negative Phrase,,,,,,,,,,,,,,,,,,,,,,,,
TML | Search | Head Terms,,,,,,,,,,,,salary,Campaign Negative Phrase,,,,,,,,,,,,,,,,,,,,,,,,
TML | Search | Head Terms,,,,,,,,,,,,salaries,Campaign Negative Phrase,,,,,,,,,,,,,,,,,,,,,,,,
TML | Search | Head Terms,,,,,,,,,,,,wage,Campaign Negative Phrase,,,,,,,,,,,,,,,,,,,,,,,,
TML | Search | Head Terms,,,,,,,,,,,,wages,Campaign Negative Phrase,,,,,,,,,,,,,,,,,,,,,,,,
TML | Search | Head Terms,,,,,,,,,,,,employment,Campaign Negative Phrase,,,,,,,,,,,,,,,,,,,,,,,,
TML | Search | Head Terms,,,,,,,,,,,,apprentice,Campaign Negative Phrase,,,,,,,,,,,,,,,,,,,,,,,,
TML | Search | Head Terms,,,,,,,,,,,,apprenticeship,Campaign Negative Phrase,,,,,,,,,,,,,,,,,,,,,,,,
TML | Search | Head Terms,,,,,,,,,,,,training,Campaign Negative Phrase,,,,,,,,,,,,,,,,,,,,,,,,
TML | Search | Head Terms,,,,,,,,,,,,school,Campaign Negative Phrase,,,,,,,,,,,,,,,,,,,,,,,,
TML | Search | Head Terms,,,,,,,,,,,,certification,Campaign Negative Phrase,,,,,,,,,,,,,,,,,,,,,,,,
TML | Search | Head Terms,,,,,,,,,,,,course,Campaign Negative Phrase,,,,,,,,,,,,,,,,,,,,,,,,
TML | Search | Head Terms,,,,,,,,,,,,classes,Campaign Negative Phrase,,,,,,,,,,,,,,,,,,,,,,,,
TML | Search | Head Terms,,,,,,,,,,,,resume,Campaign Negative Phrase,,,,,,,,,,,,,,,,,,,,,,,,
TML | Search | Head Terms,,,,,,,,,,,,vacancy,Campaign Negative Phrase,,,,,,,,,,,,,,,,,,,,,,,,
TML | Search | Head Terms,,,,,,,,,,,,recruiter,Campaign Negative Phrase,,,,,,,,,,,,,,,,,,,,,,,,
TML | Search | Head Terms,,,,,,,,,,,,union,Campaign Negative Phrase,,,,,,,,,,,,,,,,,,,,,,,,
TML | Search | Head Terms,,,,,,,,,,,,how much do they make,Campaign Negative Phrase,,,,,,,,,,,,,,,,,,,,,,,,
TML | Search | Head Terms,,,,,,,,,,,,parts,Campaign Negative Phrase,,,,,,,,,,,,,,,,,,,,,,,,
TML | Search | Head Terms,,,,,,,,,,,,home depot,Campaign Negative Phrase,,,,,,,,,,,,,,,,,,,,,,,,
TML | Search | Head Terms,,,,,,,,,,,,lowes,Campaign Negative Phrase,,,,,,,,,,,,,,,,,,,,,,,,
TML | Search | Head Terms,,,,,,,,,,,,lowe's,Campaign Negative Phrase,,,,,,,,,,,,,,,,,,,,,,,,
TML | Search | Head Terms,,,,,,,,,,,,amazon,Campaign Negative Phrase,,,,,,,,,,,,,,,,,,,,,,,,
TML | Search | Head Terms,,,,,,,,,,,,menards,Campaign Negative Phrase,,,,,,,,,,,,,,,,,,,,,,,,
TML | Search | Head Terms,,,,,,,,,,,,costco,Campaign Negative Phrase,,,,,,,,,,,,,,,,,,,,,,,,
TML | Search | Head Terms,,,,,,,,,,,,walmart,Campaign Negative Phrase,,,,,,,,,,,,,,,,,,,,,,,,
TML | Search | Head Terms,,,,,,,,,,,,ebay,Campaign Negative Phrase,,,,,,,,,,,,,,,,,,,,,,,,
TML | Search | Head Terms,,,,,,,,,,,,harbor freight,Campaign Negative Phrase,,,,,,,,,,,,,,,,,,,,,,,,
TML | Search | Head Terms,,,,,,,,,,,,wholesale,Campaign Negative Phrase,,,,,,,,,,,,,,,,,,,,,,,,
TML | Search | Head Terms,,,,,,,,,,,,supplier,Campaign Negative Phrase,,,,,,,,,,,,,,,,,,,,,,,,
TML | Search | Head Terms,,,,,,,,,,,,supply,Campaign Negative Phrase,,,,,,,,,,,,,,,,,,,,,,,,
TML | Search | Head Terms,,,,,,,,,,,,distributor,Campaign Negative Phrase,,,,,,,,,,,,,,,,,,,,,,,,
TML | Search | Head Terms,,,,,,,,,,,,buy online,Campaign Negative Phrase,,,,,,,,,,,,,,,,,,,,,,,,
TML | Search | Head Terms,,,,,,,,,,,,for sale,Campaign Negative Phrase,,,,,,,,,,,,,,,,,,,,,,,,
TML | Search | Head Terms,,,,,,,,,,,,kit,Campaign Negative Phrase,,,,,,,,,,,,,,,,,,,,,,,,
TML | Search | Head Terms,,,,,,,,,,,,kits,Campaign Negative Phrase,,,,,,,,,,,,,,,,,,,,,,,,
TML | Search | Head Terms,,,,,,,,,,,,replacement parts,Campaign Negative Phrase,,,,,,,,,,,,,,,,,,,,,,,,
TML | Search | Head Terms,,,,,,,,,,,,remote battery,Campaign Negative Phrase,,,,,,,,,,,,,,,,,,,,,,,,
TML | Search | Head Terms,,,,,,,,,,,,battery,Campaign Negative Phrase,,,,,,,,,,,,,,,,,,,,,,,,
TML | Search | Head Terms,,,,,,,,,,,,batteries,Campaign Negative Phrase,,,,,,,,,,,,,,,,,,,,,,,,
TML | Search | Head Terms,,,,,,,,,,,,struts,Campaign Negative Phrase,,,,,,,,,,,,,,,,,,,,,,,,
TML | Search | Head Terms,,,,,,,,,,,,brackets,Campaign Negative Phrase,,,,,,,,,,,,,,,,,,,,,,,,
TML | Search | Head Terms,,,,,,,,,,,,used,Campaign Negative Phrase,,,,,,,,,,,,,,,,,,,,,,,,
TML | Search | Head Terms,,,,,,,,,,,,second hand,Campaign Negative Phrase,,,,,,,,,,,,,,,,,,,,,,,,
TML | Search | Head Terms,,,,,,,,,,,,salvage,Campaign Negative Phrase,,,,,,,,,,,,,,,,,,,,,,,,
TML | Search | Head Terms,,,,,,,,,,,,ideas,Campaign Negative Phrase,,,,,,,,,,,,,,,,,,,,,,,,
TML | Search | Head Terms,,,,,,,,,,,,design ideas,Campaign Negative Phrase,,,,,,,,,,,,,,,,,,,,,,,,
TML | Search | Head Terms,,,,,,,,,,,,paint,Campaign Negative Phrase,,,,,,,,,,,,,,,,,,,,,,,,
TML | Search | Head Terms,,,,,,,,,,,,painting,Campaign Negative Phrase,,,,,,,,,,,,,,,,,,,,,,,,
TML | Search | Head Terms,,,,,,,,,,,,color,Campaign Negative Phrase,,,,,,,,,,,,,,,,,,,,,,,,
TML | Search | Head Terms,,,,,,,,,,,,colors,Campaign Negative Phrase,,,,,,,,,,,,,,,,,,,,,,,,
TML | Search | Head Terms,,,,,,,,,,,,decor,Campaign Negative Phrase,,,,,,,,,,,,,,,,,,,,,,,,
TML | Search | Head Terms,,,,,,,,,,,,decorating,Campaign Negative Phrase,,,,,,,,,,,,,,,,,,,,,,,,
TML | Search | Head Terms,,,,,,,,,,,,curtain,Campaign Negative Phrase,,,,,,,,,,,,,,,,,,,,,,,,
TML | Search | Head Terms,,,,,,,,,,,,curtains,Campaign Negative Phrase,,,,,,,,,,,,,,,,,,,,,,,,
TML | Search | Head Terms,,,,,,,,,,,,screen,Campaign Negative Phrase,,,,,,,,,,,,,,,,,,,,,,,,
TML | Search | Head Terms,,,,,,,,,,,,screens,Campaign Negative Phrase,,,,,,,,,,,,,,,,,,,,,,,,
TML | Search | Head Terms,,,,,,,,,,,,magnets,Campaign Negative Phrase,,,,,,,,,,,,,,,,,,,,,,,,
TML | Search | Head Terms,,,,,,,,,,,,decals,Campaign Negative Phrase,,,,,,,,,,,,,,,,,,,,,,,,
TML | Search | Head Terms,,,,,,,,,,,,mural,Campaign Negative Phrase,,,,,,,,,,,,,,,,,,,,,,,,
TML | Search | Head Terms,,,,,,,,,,,,wrap,Campaign Negative Phrase,,,,,,,,,,,,,,,,,,,,,,,,
TML | Search | Head Terms,,,,,,,,,,,,sticker,Campaign Negative Phrase,,,,,,,,,,,,,,,,,,,,,,,,
TML | Search | Head Terms,,,,,,,,,,,,window inserts,Campaign Negative Phrase,,,,,,,,,,,,,,,,,,,,,,,,
TML | Search | Head Terms,,,,,,,,,,,,decorative,Campaign Negative Phrase,,,,,,,,,,,,,,,,,,,,,,,,
TML | Search | Head Terms,,,,,,,,,,,,faux windows,Campaign Negative Phrase,,,,,,,,,,,,,,,,,,,,,,,,
TML | Search | Head Terms,,,,,,,,,,,,storage unit,Campaign Negative Phrase,,,,,,,,,,,,,,,,,,,,,,,,
TML | Search | Head Terms,,,,,,,,,,,,storage units,Campaign Negative Phrase,,,,,,,,,,,,,,,,,,,,,,,,
TML | Search | Head Terms,,,,,,,,,,,,self storage,Campaign Negative Phrase,,,,,,,,,,,,,,,,,,,,,,,,
TML | Search | Head Terms,,,,,,,,,,,,garage sale,Campaign Negative Phrase,,,,,,,,,,,,,,,,,,,,,,,,
TML | Search | Head Terms,,,,,,,,,,,,garage band,Campaign Negative Phrase,,,,,,,,,,,,,,,,,,,,,,,,
TML | Search | Head Terms,,,,,,,,,,,,parking garage,Campaign Negative Phrase,,,,,,,,,,,,,,,,,,,,,,,,
TML | Search | Head Terms,,,,,,,,,,,,garage floor,Campaign Negative Phrase,,,,,,,,,,,,,,,,,,,,,,,,
TML | Search | Head Terms,,,,,,,,,,,,epoxy,Campaign Negative Phrase,,,,,,,,,,,,,,,,,,,,,,,,
TML | Search | Head Terms,,,,,,,,,,,,flooring,Campaign Negative Phrase,,,,,,,,,,,,,,,,,,,,,,,,
TML | Search | Head Terms,,,,,,,,,,,,garage organization,Campaign Negative Phrase,,,,,,,,,,,,,,,,,,,,,,,,
TML | Search | Head Terms,,,,,,,,,,,,shelving,Campaign Negative Phrase,,,,,,,,,,,,,,,,,,,,,,,,
TML | Search | Head Terms,,,,,,,,,,,,cabinets,Campaign Negative Phrase,,,,,,,,,,,,,,,,,,,,,,,,
TML | Search | Head Terms,,,,,,,,,,,,gym,Campaign Negative Phrase,,,,,,,,,,,,,,,,,,,,,,,,
TML | Search | Head Terms,,,,,,,,,,,,garage conversion,Campaign Negative Phrase,,,,,,,,,,,,,,,,,,,,,,,,
TML | Search | Head Terms,,,,,,,,,,,,adu,Campaign Negative Phrase,,,,,,,,,,,,,,,,,,,,,,,,
TML | Search | Head Terms,,,,,,,,,,,,shed,Campaign Negative Phrase,,,,,,,,,,,,,,,,,,,,,,,,
TML | Search | Head Terms,,,,,,,,,,,,carport,Campaign Negative Phrase,,,,,,,,,,,,,,,,,,,,,,,,
TML | Search | Head Terms,,,,,,,,,,,,rental,Campaign Negative Phrase,,,,,,,,,,,,,,,,,,,,,,,,
TML | Search | Head Terms,,,,,,,,,,,,rent,Campaign Negative Phrase,,,,,,,,,,,,,,,,,,,,,,,,
TML | Search | Head Terms,,,,,,,,,,,,for rent,Campaign Negative Phrase,,,,,,,,,,,,,,,,,,,,,,,,
TML | Search | Head Terms,,,,,,,,,,,,entry door,Campaign Negative Phrase,,,,,,,,,,,,,,,,,,,,,,,,
TML | Search | Head Terms,,,,,,,,,,,,front door,Campaign Negative Phrase,,,,,,,,,,,,,,,,,,,,,,,,
TML | Search | Head Terms,,,,,,,,,,,,screen door,Campaign Negative Phrase,,,,,,,,,,,,,,,,,,,,,,,,
TML | Search | Head Terms,,,,,,,,,,,,storm door,Campaign Negative Phrase,,,,,,,,,,,,,,,,,,,,,,,,
TML | Search | Head Terms,,,,,,,,,,,,shower door,Campaign Negative Phrase,,,,,,,,,,,,,,,,,,,,,,,,
TML | Search | Head Terms,,,,,,,,,,,,barn door,Campaign Negative Phrase,,,,,,,,,,,,,,,,,,,,,,,,
TML | Search | Head Terms,,,,,,,,,,,,pet door,Campaign Negative Phrase,,,,,,,,,,,,,,,,,,,,,,,,
TML | Search | Head Terms,,,,,,,,,,,,interior door,Campaign Negative Phrase,,,,,,,,,,,,,,,,,,,,,,,,
TML | Search | Head Terms,,,,,,,,,,,,fence,Campaign Negative Phrase,,,,,,,,,,,,,,,,,,,,,,,,
TML | Search | Head Terms,,,,,,,,,,,,fencing,Campaign Negative Phrase,,,,,,,,,,,,,,,,,,,,,,,,
TML | Search | Head Terms,,,,,,,,,,,,window replacement,Campaign Negative Phrase,,,,,,,,,,,,,,,,,,,,,,,,
TML | Search | Head Terms,,,,,,,,,,,,car garage,Campaign Negative Phrase,,,,,,,,,,,,,,,,,,,,,,,,
TML | Search | Head Terms,,,,,,,,,,,,meaning,Campaign Negative Phrase,,,,,,,,,,,,,,,,,,,,,,,,
TML | Search | Head Terms,,,,,,,,,,,,definition,Campaign Negative Phrase,,,,,,,,,,,,,,,,,,,,,,,,
TML | Search | Head Terms,,,,,,,,,,,,wikipedia,Campaign Negative Phrase,,,,,,,,,,,,,,,,,,,,,,,,
TML | Search | Head Terms,,,,,,,,,,,,reddit,Campaign Negative Phrase,,,,,,,,,,,,,,,,,,,,,,,,
TML | Search | Head Terms,,,,,,,,,,,,forum,Campaign Negative Phrase,,,,,,,,,,,,,,,,,,,,,,,,
TML | Search | Head Terms,,,,,,,,,,,,what is,Campaign Negative Phrase,,,,,,,,,,,,,,,,,,,,,,,,
TML | Search | Head Terms,,,,,,,,,,,,why does,Campaign Negative Phrase,,,,,,,,,,,,,,,,,,,,,,,,
TML | Search | Head Terms,,,,,,,,,,,,complaints,Campaign Negative Phrase,,,,,,,,,,,,,,,,,,,,,,,,
TML | Search | Head Terms,,,,,,,,,,,,scam,Campaign Negative Phrase,,,,,,,,,,,,,,,,,,,,,,,,
TML | Search | Head Terms,,,,,,,,,,,,lawsuit,Campaign Negative Phrase,,,,,,,,,,,,,,,,,,,,,,,,
TML | Search | Head Terms,,,,,,,,,,,,attorney,Campaign Negative Phrase,,,,,,,,,,,,,,,,,,,,,,,,
TML | Search | Head Terms,,,,,,,,,,,,lawyer,Campaign Negative Phrase,,,,,,,,,,,,,,,,,,,,,,,,
TML | Search | Head Terms,,,,,,,,,,,,class action,Campaign Negative Phrase,,,,,,,,,,,,,,,,,,,,,,,,
TML | Search | Head Terms,,,,,,,,,,,,recall,Campaign Negative Phrase,,,,,,,,,,,,,,,,,,,,,,,,
TML | Search | Head Terms,,,,,,,,,,,,warranty claim,Campaign Negative Phrase,,,,,,,,,,,,,,,,,,,,,,,,
TML | Search | Head Terms,,,,,,,,,,,,insurance claim,Campaign Negative Phrase,,,,,,,,,,,,,,,,,,,,,,,,
TML | Search | Head Terms,,,,,,,,,,,,franchise,Campaign Negative Phrase,,,,,,,,,,,,,,,,,,,,,,,,
TML | Search | Head Terms,,,,,,,,,,,,franchises,Campaign Negative Phrase,,,,,,,,,,,,,,,,,,,,,,,,
TML | Search | Head Terms,,,,,,,,,,,,business for sale,Campaign Negative Phrase,,,,,,,,,,,,,,,,,,,,,,,,
TML | Search | Head Terms,,,,,,,,,,,,start a business,Campaign Negative Phrase,,,,,,,,,,,,,,,,,,,,,,,,
TML | Search | Head Terms,,,,,,,,,,,,dealer application,Campaign Negative Phrase,,,,,,,,,,,,,,,,,,,,,,,,
TML | Search | Head Terms,,,,,,,,,,,,become a dealer,Campaign Negative Phrase,,,,,,,,,,,,,,,,,,,,,,,,
TML | Search | Head Terms,,,,,,,,,,,,manufacturer,Campaign Negative Phrase,,,,,,,,,,,,,,,,,,,,,,,,
TML | Search | Head Terms,,,,,,,,,,,,factory,Campaign Negative Phrase,,,,,,,,,,,,,,,,,,,,,,,,
TML | Search | Head Terms,,,,,,,,,,,,dallas,Campaign Negative Phrase,,,,,,,,,,,,,,,,,,,,,,,,
TML | Search | Head Terms,,,,,,,,,,,,fort worth,Campaign Negative Phrase,,,,,,,,,,,,,,,,,,,,,,,,
TML | Search | Head Terms,,,,,,,,,,,,austin,Campaign Negative Phrase,,,,,,,,,,,,,,,,,,,,,,,,
TML | Search | Head Terms,,,,,,,,,,,,san antonio,Campaign Negative Phrase,,,,,,,,,,,,,,,,,,,,,,,,
TML | Search | Head Terms,,,,,,,,,,,,el paso,Campaign Negative Phrase,,,,,,,,,,,,,,,,,,,,,,,,
TML | Search | Head Terms,,,,,,,,,,,,lubbock,Campaign Negative Phrase,,,,,,,,,,,,,,,,,,,,,,,,
TML | Search | Head Terms,,,,,,,,,,,,amarillo,Campaign Negative Phrase,,,,,,,,,,,,,,,,,,,,,,,,
TML | Search | Head Terms,,,,,,,,,,,,corpus christi,Campaign Negative Phrase,,,,,,,,,,,,,,,,,,,,,,,,
TML | Search | Head Terms,,,,,,,,,,,,galveston,Campaign Negative Phrase,,,,,,,,,,,,,,,,,,,,,,,,
TML | Search | Head Terms,,,,,,,,,,,,beaumont,Campaign Negative Phrase,,,,,,,,,,,,,,,,,,,,,,,,
TML | Search | Head Terms,,,,,,,,,,,,college station,Campaign Negative Phrase,,,,,,,,,,,,,,,,,,,,,,,,
TML | Search | Head Terms,,,,,,,,,,,,waco,Campaign Negative Phrase,,,,,,,,,,,,,,,,,,,,,,,,
TML | Search | Head Terms,,,,,,,,,,,,tyler,Campaign Negative Phrase,,,,,,,,,,,,,,,,,,,,,,,,
TML | Search | Head Terms,,,,,,,,,,,,killeen,Campaign Negative Phrase,,,,,,,,,,,,,,,,,,,,,,,,
TML | Search | Head Terms,,,,,,,,,,,,midland,Campaign Negative Phrase,,,,,,,,,,,,,,,,,,,,,,,,
TML | Search | Head Terms,,,,,,,,,,,,odessa,Campaign Negative Phrase,,,,,,,,,,,,,,,,,,,,,,,,
TML | Search | Head Terms,,,,,,,,,,,,oklahoma,Campaign Negative Phrase,,,,,,,,,,,,,,,,,,,,,,,,
TML | Search | Head Terms,,,,,,,,,,,,louisiana,Campaign Negative Phrase,,,,,,,,,,,,,,,,,,,,,,,,
TML | Search | Head Terms,,,,,,,,,,,,florida,Campaign Negative Phrase,,,,,,,,,,,,,,,,,,,,,,,,
TML | Search | Head Terms,,,,,,,,,,,,california,Campaign Negative Phrase,,,,,,,,,,,,,,,,,,,,,,,,
TML | Search | Head Terms,,,,,,,,,,,,arizona,Campaign Negative Phrase,,,,,,,,,,,,,,,,,,,,,,,,
TML | Search | Install & Replace,,,,,,,,,,,,diy,Campaign Negative Phrase,,,,,,,,,,,,,,,,,,,,,,,,
TML | Search | Install & Replace,,,,,,,,,,,,do it yourself,Campaign Negative Phrase,,,,,,,,,,,,,,,,,,,,,,,,
TML | Search | Install & Replace,,,,,,,,,,,,how to,Campaign Negative Phrase,,,,,,,,,,,,,,,,,,,,,,,,
TML | Search | Install & Replace,,,,,,,,,,,,how do i,Campaign Negative Phrase,,,,,,,,,,,,,,,,,,,,,,,,
TML | Search | Install & Replace,,,,,,,,,,,,how can i,Campaign Negative Phrase,,,,,,,,,,,,,,,,,,,,,,,,
TML | Search | Install & Replace,,,,,,,,,,,,fix it myself,Campaign Negative Phrase,,,,,,,,,,,,,,,,,,,,,,,,
TML | Search | Install & Replace,,,,,,,,,,,,fix myself,Campaign Negative Phrase,,,,,,,,,,,,,,,,,,,,,,,,
TML | Search | Install & Replace,,,,,,,,,,,,repair myself,Campaign Negative Phrase,,,,,,,,,,,,,,,,,,,,,,,,
TML | Search | Install & Replace,,,,,,,,,,,,tutorial,Campaign Negative Phrase,,,,,,,,,,,,,,,,,,,,,,,,
TML | Search | Install & Replace,,,,,,,,,,,,youtube,Campaign Negative Phrase,,,,,,,,,,,,,,,,,,,,,,,,
TML | Search | Install & Replace,,,,,,,,,,,,video,Campaign Negative Phrase,,,,,,,,,,,,,,,,,,,,,,,,
TML | Search | Install & Replace,,,,,,,,,,,,instructions,Campaign Negative Phrase,,,,,,,,,,,,,,,,,,,,,,,,
TML | Search | Install & Replace,,,,,,,,,,,,manual,Campaign Negative Phrase,,,,,,,,,,,,,,,,,,,,,,,,
TML | Search | Install & Replace,,,,,,,,,,,,step by step,Campaign Negative Phrase,,,,,,,,,,,,,,,,,,,,,,,,
TML | Search | Install & Replace,,,,,,,,,,,,homemade,Campaign Negative Phrase,,,,,,,,,,,,,,,,,,,,,,,,
TML | Search | Install & Replace,,,,,,,,,,,,troubleshoot,Campaign Negative Phrase,,,,,,,,,,,,,,,,,,,,,,,,
TML | Search | Install & Replace,,,,,,,,,,,,troubleshooting,Campaign Negative Phrase,,,,,,,,,,,,,,,,,,,,,,,,
TML | Search | Install & Replace,,,,,,,,,,,,reset code,Campaign Negative Phrase,,,,,,,,,,,,,,,,,,,,,,,,
TML | Search | Install & Replace,,,,,,,,,,,,program remote,Campaign Negative Phrase,,,,,,,,,,,,,,,,,,,,,,,,
TML | Search | Install & Replace,,,,,,,,,,,,programming,Campaign Negative Phrase,,,,,,,,,,,,,,,,,,,,,,,,
TML | Search | Install & Replace,,,,,,,,,,,,reprogram,Campaign Negative Phrase,,,,,,,,,,,,,,,,,,,,,,,,
TML | Search | Install & Replace,,,,,,,,,,,,myq setup,Campaign Negative Phrase,,,,,,,,,,,,,,,,,,,,,,,,
TML | Search | Install & Replace,,,,,,,,,,,,job,Campaign Negative Phrase,,,,,,,,,,,,,,,,,,,,,,,,
TML | Search | Install & Replace,,,,,,,,,,,,jobs,Campaign Negative Phrase,,,,,,,,,,,,,,,,,,,,,,,,
TML | Search | Install & Replace,,,,,,,,,,,,career,Campaign Negative Phrase,,,,,,,,,,,,,,,,,,,,,,,,
TML | Search | Install & Replace,,,,,,,,,,,,careers,Campaign Negative Phrase,,,,,,,,,,,,,,,,,,,,,,,,
TML | Search | Install & Replace,,,,,,,,,,,,hiring,Campaign Negative Phrase,,,,,,,,,,,,,,,,,,,,,,,,
TML | Search | Install & Replace,,,,,,,,,,,,salary,Campaign Negative Phrase,,,,,,,,,,,,,,,,,,,,,,,,
TML | Search | Install & Replace,,,,,,,,,,,,salaries,Campaign Negative Phrase,,,,,,,,,,,,,,,,,,,,,,,,
TML | Search | Install & Replace,,,,,,,,,,,,wage,Campaign Negative Phrase,,,,,,,,,,,,,,,,,,,,,,,,
TML | Search | Install & Replace,,,,,,,,,,,,wages,Campaign Negative Phrase,,,,,,,,,,,,,,,,,,,,,,,,
TML | Search | Install & Replace,,,,,,,,,,,,employment,Campaign Negative Phrase,,,,,,,,,,,,,,,,,,,,,,,,
TML | Search | Install & Replace,,,,,,,,,,,,apprentice,Campaign Negative Phrase,,,,,,,,,,,,,,,,,,,,,,,,
TML | Search | Install & Replace,,,,,,,,,,,,apprenticeship,Campaign Negative Phrase,,,,,,,,,,,,,,,,,,,,,,,,
TML | Search | Install & Replace,,,,,,,,,,,,training,Campaign Negative Phrase,,,,,,,,,,,,,,,,,,,,,,,,
TML | Search | Install & Replace,,,,,,,,,,,,school,Campaign Negative Phrase,,,,,,,,,,,,,,,,,,,,,,,,
TML | Search | Install & Replace,,,,,,,,,,,,certification,Campaign Negative Phrase,,,,,,,,,,,,,,,,,,,,,,,,
TML | Search | Install & Replace,,,,,,,,,,,,course,Campaign Negative Phrase,,,,,,,,,,,,,,,,,,,,,,,,
TML | Search | Install & Replace,,,,,,,,,,,,classes,Campaign Negative Phrase,,,,,,,,,,,,,,,,,,,,,,,,
TML | Search | Install & Replace,,,,,,,,,,,,resume,Campaign Negative Phrase,,,,,,,,,,,,,,,,,,,,,,,,
TML | Search | Install & Replace,,,,,,,,,,,,vacancy,Campaign Negative Phrase,,,,,,,,,,,,,,,,,,,,,,,,
TML | Search | Install & Replace,,,,,,,,,,,,recruiter,Campaign Negative Phrase,,,,,,,,,,,,,,,,,,,,,,,,
TML | Search | Install & Replace,,,,,,,,,,,,union,Campaign Negative Phrase,,,,,,,,,,,,,,,,,,,,,,,,
TML | Search | Install & Replace,,,,,,,,,,,,how much do they make,Campaign Negative Phrase,,,,,,,,,,,,,,,,,,,,,,,,
TML | Search | Install & Replace,,,,,,,,,,,,parts,Campaign Negative Phrase,,,,,,,,,,,,,,,,,,,,,,,,
TML | Search | Install & Replace,,,,,,,,,,,,home depot,Campaign Negative Phrase,,,,,,,,,,,,,,,,,,,,,,,,
TML | Search | Install & Replace,,,,,,,,,,,,lowes,Campaign Negative Phrase,,,,,,,,,,,,,,,,,,,,,,,,
TML | Search | Install & Replace,,,,,,,,,,,,lowe's,Campaign Negative Phrase,,,,,,,,,,,,,,,,,,,,,,,,
TML | Search | Install & Replace,,,,,,,,,,,,amazon,Campaign Negative Phrase,,,,,,,,,,,,,,,,,,,,,,,,
TML | Search | Install & Replace,,,,,,,,,,,,menards,Campaign Negative Phrase,,,,,,,,,,,,,,,,,,,,,,,,
TML | Search | Install & Replace,,,,,,,,,,,,costco,Campaign Negative Phrase,,,,,,,,,,,,,,,,,,,,,,,,
TML | Search | Install & Replace,,,,,,,,,,,,walmart,Campaign Negative Phrase,,,,,,,,,,,,,,,,,,,,,,,,
TML | Search | Install & Replace,,,,,,,,,,,,ebay,Campaign Negative Phrase,,,,,,,,,,,,,,,,,,,,,,,,
TML | Search | Install & Replace,,,,,,,,,,,,harbor freight,Campaign Negative Phrase,,,,,,,,,,,,,,,,,,,,,,,,
TML | Search | Install & Replace,,,,,,,,,,,,wholesale,Campaign Negative Phrase,,,,,,,,,,,,,,,,,,,,,,,,
TML | Search | Install & Replace,,,,,,,,,,,,supplier,Campaign Negative Phrase,,,,,,,,,,,,,,,,,,,,,,,,
TML | Search | Install & Replace,,,,,,,,,,,,supply,Campaign Negative Phrase,,,,,,,,,,,,,,,,,,,,,,,,
TML | Search | Install & Replace,,,,,,,,,,,,distributor,Campaign Negative Phrase,,,,,,,,,,,,,,,,,,,,,,,,
TML | Search | Install & Replace,,,,,,,,,,,,buy online,Campaign Negative Phrase,,,,,,,,,,,,,,,,,,,,,,,,
TML | Search | Install & Replace,,,,,,,,,,,,for sale,Campaign Negative Phrase,,,,,,,,,,,,,,,,,,,,,,,,
TML | Search | Install & Replace,,,,,,,,,,,,kit,Campaign Negative Phrase,,,,,,,,,,,,,,,,,,,,,,,,
TML | Search | Install & Replace,,,,,,,,,,,,kits,Campaign Negative Phrase,,,,,,,,,,,,,,,,,,,,,,,,
TML | Search | Install & Replace,,,,,,,,,,,,replacement parts,Campaign Negative Phrase,,,,,,,,,,,,,,,,,,,,,,,,
TML | Search | Install & Replace,,,,,,,,,,,,remote battery,Campaign Negative Phrase,,,,,,,,,,,,,,,,,,,,,,,,
TML | Search | Install & Replace,,,,,,,,,,,,battery,Campaign Negative Phrase,,,,,,,,,,,,,,,,,,,,,,,,
TML | Search | Install & Replace,,,,,,,,,,,,batteries,Campaign Negative Phrase,,,,,,,,,,,,,,,,,,,,,,,,
TML | Search | Install & Replace,,,,,,,,,,,,struts,Campaign Negative Phrase,,,,,,,,,,,,,,,,,,,,,,,,
TML | Search | Install & Replace,,,,,,,,,,,,brackets,Campaign Negative Phrase,,,,,,,,,,,,,,,,,,,,,,,,
TML | Search | Install & Replace,,,,,,,,,,,,used,Campaign Negative Phrase,,,,,,,,,,,,,,,,,,,,,,,,
TML | Search | Install & Replace,,,,,,,,,,,,second hand,Campaign Negative Phrase,,,,,,,,,,,,,,,,,,,,,,,,
TML | Search | Install & Replace,,,,,,,,,,,,salvage,Campaign Negative Phrase,,,,,,,,,,,,,,,,,,,,,,,,
TML | Search | Install & Replace,,,,,,,,,,,,ideas,Campaign Negative Phrase,,,,,,,,,,,,,,,,,,,,,,,,
TML | Search | Install & Replace,,,,,,,,,,,,design ideas,Campaign Negative Phrase,,,,,,,,,,,,,,,,,,,,,,,,
TML | Search | Install & Replace,,,,,,,,,,,,paint,Campaign Negative Phrase,,,,,,,,,,,,,,,,,,,,,,,,
TML | Search | Install & Replace,,,,,,,,,,,,painting,Campaign Negative Phrase,,,,,,,,,,,,,,,,,,,,,,,,
TML | Search | Install & Replace,,,,,,,,,,,,color,Campaign Negative Phrase,,,,,,,,,,,,,,,,,,,,,,,,
TML | Search | Install & Replace,,,,,,,,,,,,colors,Campaign Negative Phrase,,,,,,,,,,,,,,,,,,,,,,,,
TML | Search | Install & Replace,,,,,,,,,,,,decor,Campaign Negative Phrase,,,,,,,,,,,,,,,,,,,,,,,,
TML | Search | Install & Replace,,,,,,,,,,,,decorating,Campaign Negative Phrase,,,,,,,,,,,,,,,,,,,,,,,,
TML | Search | Install & Replace,,,,,,,,,,,,curtain,Campaign Negative Phrase,,,,,,,,,,,,,,,,,,,,,,,,
TML | Search | Install & Replace,,,,,,,,,,,,curtains,Campaign Negative Phrase,,,,,,,,,,,,,,,,,,,,,,,,
TML | Search | Install & Replace,,,,,,,,,,,,screen,Campaign Negative Phrase,,,,,,,,,,,,,,,,,,,,,,,,
TML | Search | Install & Replace,,,,,,,,,,,,screens,Campaign Negative Phrase,,,,,,,,,,,,,,,,,,,,,,,,
TML | Search | Install & Replace,,,,,,,,,,,,magnets,Campaign Negative Phrase,,,,,,,,,,,,,,,,,,,,,,,,
TML | Search | Install & Replace,,,,,,,,,,,,decals,Campaign Negative Phrase,,,,,,,,,,,,,,,,,,,,,,,,
TML | Search | Install & Replace,,,,,,,,,,,,mural,Campaign Negative Phrase,,,,,,,,,,,,,,,,,,,,,,,,
TML | Search | Install & Replace,,,,,,,,,,,,wrap,Campaign Negative Phrase,,,,,,,,,,,,,,,,,,,,,,,,
TML | Search | Install & Replace,,,,,,,,,,,,sticker,Campaign Negative Phrase,,,,,,,,,,,,,,,,,,,,,,,,
TML | Search | Install & Replace,,,,,,,,,,,,window inserts,Campaign Negative Phrase,,,,,,,,,,,,,,,,,,,,,,,,
TML | Search | Install & Replace,,,,,,,,,,,,decorative,Campaign Negative Phrase,,,,,,,,,,,,,,,,,,,,,,,,
TML | Search | Install & Replace,,,,,,,,,,,,faux windows,Campaign Negative Phrase,,,,,,,,,,,,,,,,,,,,,,,,
TML | Search | Install & Replace,,,,,,,,,,,,storage unit,Campaign Negative Phrase,,,,,,,,,,,,,,,,,,,,,,,,
TML | Search | Install & Replace,,,,,,,,,,,,storage units,Campaign Negative Phrase,,,,,,,,,,,,,,,,,,,,,,,,
TML | Search | Install & Replace,,,,,,,,,,,,self storage,Campaign Negative Phrase,,,,,,,,,,,,,,,,,,,,,,,,
TML | Search | Install & Replace,,,,,,,,,,,,garage sale,Campaign Negative Phrase,,,,,,,,,,,,,,,,,,,,,,,,
TML | Search | Install & Replace,,,,,,,,,,,,garage band,Campaign Negative Phrase,,,,,,,,,,,,,,,,,,,,,,,,
TML | Search | Install & Replace,,,,,,,,,,,,parking garage,Campaign Negative Phrase,,,,,,,,,,,,,,,,,,,,,,,,
TML | Search | Install & Replace,,,,,,,,,,,,garage floor,Campaign Negative Phrase,,,,,,,,,,,,,,,,,,,,,,,,
TML | Search | Install & Replace,,,,,,,,,,,,epoxy,Campaign Negative Phrase,,,,,,,,,,,,,,,,,,,,,,,,
TML | Search | Install & Replace,,,,,,,,,,,,flooring,Campaign Negative Phrase,,,,,,,,,,,,,,,,,,,,,,,,
TML | Search | Install & Replace,,,,,,,,,,,,garage organization,Campaign Negative Phrase,,,,,,,,,,,,,,,,,,,,,,,,
TML | Search | Install & Replace,,,,,,,,,,,,shelving,Campaign Negative Phrase,,,,,,,,,,,,,,,,,,,,,,,,
TML | Search | Install & Replace,,,,,,,,,,,,cabinets,Campaign Negative Phrase,,,,,,,,,,,,,,,,,,,,,,,,
TML | Search | Install & Replace,,,,,,,,,,,,gym,Campaign Negative Phrase,,,,,,,,,,,,,,,,,,,,,,,,
TML | Search | Install & Replace,,,,,,,,,,,,garage conversion,Campaign Negative Phrase,,,,,,,,,,,,,,,,,,,,,,,,
TML | Search | Install & Replace,,,,,,,,,,,,adu,Campaign Negative Phrase,,,,,,,,,,,,,,,,,,,,,,,,
TML | Search | Install & Replace,,,,,,,,,,,,shed,Campaign Negative Phrase,,,,,,,,,,,,,,,,,,,,,,,,
TML | Search | Install & Replace,,,,,,,,,,,,carport,Campaign Negative Phrase,,,,,,,,,,,,,,,,,,,,,,,,
TML | Search | Install & Replace,,,,,,,,,,,,rental,Campaign Negative Phrase,,,,,,,,,,,,,,,,,,,,,,,,
TML | Search | Install & Replace,,,,,,,,,,,,rent,Campaign Negative Phrase,,,,,,,,,,,,,,,,,,,,,,,,
TML | Search | Install & Replace,,,,,,,,,,,,for rent,Campaign Negative Phrase,,,,,,,,,,,,,,,,,,,,,,,,
TML | Search | Install & Replace,,,,,,,,,,,,entry door,Campaign Negative Phrase,,,,,,,,,,,,,,,,,,,,,,,,
TML | Search | Install & Replace,,,,,,,,,,,,front door,Campaign Negative Phrase,,,,,,,,,,,,,,,,,,,,,,,,
TML | Search | Install & Replace,,,,,,,,,,,,screen door,Campaign Negative Phrase,,,,,,,,,,,,,,,,,,,,,,,,
TML | Search | Install & Replace,,,,,,,,,,,,storm door,Campaign Negative Phrase,,,,,,,,,,,,,,,,,,,,,,,,
TML | Search | Install & Replace,,,,,,,,,,,,shower door,Campaign Negative Phrase,,,,,,,,,,,,,,,,,,,,,,,,
TML | Search | Install & Replace,,,,,,,,,,,,barn door,Campaign Negative Phrase,,,,,,,,,,,,,,,,,,,,,,,,
TML | Search | Install & Replace,,,,,,,,,,,,pet door,Campaign Negative Phrase,,,,,,,,,,,,,,,,,,,,,,,,
TML | Search | Install & Replace,,,,,,,,,,,,interior door,Campaign Negative Phrase,,,,,,,,,,,,,,,,,,,,,,,,
TML | Search | Install & Replace,,,,,,,,,,,,fence,Campaign Negative Phrase,,,,,,,,,,,,,,,,,,,,,,,,
TML | Search | Install & Replace,,,,,,,,,,,,fencing,Campaign Negative Phrase,,,,,,,,,,,,,,,,,,,,,,,,
TML | Search | Install & Replace,,,,,,,,,,,,window replacement,Campaign Negative Phrase,,,,,,,,,,,,,,,,,,,,,,,,
TML | Search | Install & Replace,,,,,,,,,,,,car garage,Campaign Negative Phrase,,,,,,,,,,,,,,,,,,,,,,,,
TML | Search | Install & Replace,,,,,,,,,,,,meaning,Campaign Negative Phrase,,,,,,,,,,,,,,,,,,,,,,,,
TML | Search | Install & Replace,,,,,,,,,,,,definition,Campaign Negative Phrase,,,,,,,,,,,,,,,,,,,,,,,,
TML | Search | Install & Replace,,,,,,,,,,,,wikipedia,Campaign Negative Phrase,,,,,,,,,,,,,,,,,,,,,,,,
TML | Search | Install & Replace,,,,,,,,,,,,reddit,Campaign Negative Phrase,,,,,,,,,,,,,,,,,,,,,,,,
TML | Search | Install & Replace,,,,,,,,,,,,forum,Campaign Negative Phrase,,,,,,,,,,,,,,,,,,,,,,,,
TML | Search | Install & Replace,,,,,,,,,,,,what is,Campaign Negative Phrase,,,,,,,,,,,,,,,,,,,,,,,,
TML | Search | Install & Replace,,,,,,,,,,,,why does,Campaign Negative Phrase,,,,,,,,,,,,,,,,,,,,,,,,
TML | Search | Install & Replace,,,,,,,,,,,,complaints,Campaign Negative Phrase,,,,,,,,,,,,,,,,,,,,,,,,
TML | Search | Install & Replace,,,,,,,,,,,,scam,Campaign Negative Phrase,,,,,,,,,,,,,,,,,,,,,,,,
TML | Search | Install & Replace,,,,,,,,,,,,lawsuit,Campaign Negative Phrase,,,,,,,,,,,,,,,,,,,,,,,,
TML | Search | Install & Replace,,,,,,,,,,,,attorney,Campaign Negative Phrase,,,,,,,,,,,,,,,,,,,,,,,,
TML | Search | Install & Replace,,,,,,,,,,,,lawyer,Campaign Negative Phrase,,,,,,,,,,,,,,,,,,,,,,,,
TML | Search | Install & Replace,,,,,,,,,,,,class action,Campaign Negative Phrase,,,,,,,,,,,,,,,,,,,,,,,,
TML | Search | Install & Replace,,,,,,,,,,,,recall,Campaign Negative Phrase,,,,,,,,,,,,,,,,,,,,,,,,
TML | Search | Install & Replace,,,,,,,,,,,,warranty claim,Campaign Negative Phrase,,,,,,,,,,,,,,,,,,,,,,,,
TML | Search | Install & Replace,,,,,,,,,,,,insurance claim,Campaign Negative Phrase,,,,,,,,,,,,,,,,,,,,,,,,
TML | Search | Install & Replace,,,,,,,,,,,,franchise,Campaign Negative Phrase,,,,,,,,,,,,,,,,,,,,,,,,
TML | Search | Install & Replace,,,,,,,,,,,,franchises,Campaign Negative Phrase,,,,,,,,,,,,,,,,,,,,,,,,
TML | Search | Install & Replace,,,,,,,,,,,,business for sale,Campaign Negative Phrase,,,,,,,,,,,,,,,,,,,,,,,,
TML | Search | Install & Replace,,,,,,,,,,,,start a business,Campaign Negative Phrase,,,,,,,,,,,,,,,,,,,,,,,,
TML | Search | Install & Replace,,,,,,,,,,,,dealer application,Campaign Negative Phrase,,,,,,,,,,,,,,,,,,,,,,,,
TML | Search | Install & Replace,,,,,,,,,,,,become a dealer,Campaign Negative Phrase,,,,,,,,,,,,,,,,,,,,,,,,
TML | Search | Install & Replace,,,,,,,,,,,,manufacturer,Campaign Negative Phrase,,,,,,,,,,,,,,,,,,,,,,,,
TML | Search | Install & Replace,,,,,,,,,,,,factory,Campaign Negative Phrase,,,,,,,,,,,,,,,,,,,,,,,,
TML | Search | Install & Replace,,,,,,,,,,,,dallas,Campaign Negative Phrase,,,,,,,,,,,,,,,,,,,,,,,,
TML | Search | Install & Replace,,,,,,,,,,,,fort worth,Campaign Negative Phrase,,,,,,,,,,,,,,,,,,,,,,,,
TML | Search | Install & Replace,,,,,,,,,,,,austin,Campaign Negative Phrase,,,,,,,,,,,,,,,,,,,,,,,,
TML | Search | Install & Replace,,,,,,,,,,,,san antonio,Campaign Negative Phrase,,,,,,,,,,,,,,,,,,,,,,,,
TML | Search | Install & Replace,,,,,,,,,,,,el paso,Campaign Negative Phrase,,,,,,,,,,,,,,,,,,,,,,,,
TML | Search | Install & Replace,,,,,,,,,,,,lubbock,Campaign Negative Phrase,,,,,,,,,,,,,,,,,,,,,,,,
TML | Search | Install & Replace,,,,,,,,,,,,amarillo,Campaign Negative Phrase,,,,,,,,,,,,,,,,,,,,,,,,
TML | Search | Install & Replace,,,,,,,,,,,,corpus christi,Campaign Negative Phrase,,,,,,,,,,,,,,,,,,,,,,,,
TML | Search | Install & Replace,,,,,,,,,,,,galveston,Campaign Negative Phrase,,,,,,,,,,,,,,,,,,,,,,,,
TML | Search | Install & Replace,,,,,,,,,,,,beaumont,Campaign Negative Phrase,,,,,,,,,,,,,,,,,,,,,,,,
TML | Search | Install & Replace,,,,,,,,,,,,college station,Campaign Negative Phrase,,,,,,,,,,,,,,,,,,,,,,,,
TML | Search | Install & Replace,,,,,,,,,,,,waco,Campaign Negative Phrase,,,,,,,,,,,,,,,,,,,,,,,,
TML | Search | Install & Replace,,,,,,,,,,,,tyler,Campaign Negative Phrase,,,,,,,,,,,,,,,,,,,,,,,,
TML | Search | Install & Replace,,,,,,,,,,,,killeen,Campaign Negative Phrase,,,,,,,,,,,,,,,,,,,,,,,,
TML | Search | Install & Replace,,,,,,,,,,,,midland,Campaign Negative Phrase,,,,,,,,,,,,,,,,,,,,,,,,
TML | Search | Install & Replace,,,,,,,,,,,,odessa,Campaign Negative Phrase,,,,,,,,,,,,,,,,,,,,,,,,
TML | Search | Install & Replace,,,,,,,,,,,,oklahoma,Campaign Negative Phrase,,,,,,,,,,,,,,,,,,,,,,,,
TML | Search | Install & Replace,,,,,,,,,,,,louisiana,Campaign Negative Phrase,,,,,,,,,,,,,,,,,,,,,,,,
TML | Search | Install & Replace,,,,,,,,,,,,florida,Campaign Negative Phrase,,,,,,,,,,,,,,,,,,,,,,,,
TML | Search | Install & Replace,,,,,,,,,,,,california,Campaign Negative Phrase,,,,,,,,,,,,,,,,,,,,,,,,
TML | Search | Install & Replace,,,,,,,,,,,,arizona,Campaign Negative Phrase,,,,,,,,,,,,,,,,,,,,,,,,
TML | Search | Commercial & Gates,,,,,,,,,,,,diy,Campaign Negative Phrase,,,,,,,,,,,,,,,,,,,,,,,,
TML | Search | Commercial & Gates,,,,,,,,,,,,do it yourself,Campaign Negative Phrase,,,,,,,,,,,,,,,,,,,,,,,,
TML | Search | Commercial & Gates,,,,,,,,,,,,how to,Campaign Negative Phrase,,,,,,,,,,,,,,,,,,,,,,,,
TML | Search | Commercial & Gates,,,,,,,,,,,,how do i,Campaign Negative Phrase,,,,,,,,,,,,,,,,,,,,,,,,
TML | Search | Commercial & Gates,,,,,,,,,,,,how can i,Campaign Negative Phrase,,,,,,,,,,,,,,,,,,,,,,,,
TML | Search | Commercial & Gates,,,,,,,,,,,,fix it myself,Campaign Negative Phrase,,,,,,,,,,,,,,,,,,,,,,,,
TML | Search | Commercial & Gates,,,,,,,,,,,,fix myself,Campaign Negative Phrase,,,,,,,,,,,,,,,,,,,,,,,,
TML | Search | Commercial & Gates,,,,,,,,,,,,repair myself,Campaign Negative Phrase,,,,,,,,,,,,,,,,,,,,,,,,
TML | Search | Commercial & Gates,,,,,,,,,,,,tutorial,Campaign Negative Phrase,,,,,,,,,,,,,,,,,,,,,,,,
TML | Search | Commercial & Gates,,,,,,,,,,,,youtube,Campaign Negative Phrase,,,,,,,,,,,,,,,,,,,,,,,,
TML | Search | Commercial & Gates,,,,,,,,,,,,video,Campaign Negative Phrase,,,,,,,,,,,,,,,,,,,,,,,,
TML | Search | Commercial & Gates,,,,,,,,,,,,instructions,Campaign Negative Phrase,,,,,,,,,,,,,,,,,,,,,,,,
TML | Search | Commercial & Gates,,,,,,,,,,,,manual,Campaign Negative Phrase,,,,,,,,,,,,,,,,,,,,,,,,
TML | Search | Commercial & Gates,,,,,,,,,,,,step by step,Campaign Negative Phrase,,,,,,,,,,,,,,,,,,,,,,,,
TML | Search | Commercial & Gates,,,,,,,,,,,,homemade,Campaign Negative Phrase,,,,,,,,,,,,,,,,,,,,,,,,
TML | Search | Commercial & Gates,,,,,,,,,,,,troubleshoot,Campaign Negative Phrase,,,,,,,,,,,,,,,,,,,,,,,,
TML | Search | Commercial & Gates,,,,,,,,,,,,troubleshooting,Campaign Negative Phrase,,,,,,,,,,,,,,,,,,,,,,,,
TML | Search | Commercial & Gates,,,,,,,,,,,,reset code,Campaign Negative Phrase,,,,,,,,,,,,,,,,,,,,,,,,
TML | Search | Commercial & Gates,,,,,,,,,,,,program remote,Campaign Negative Phrase,,,,,,,,,,,,,,,,,,,,,,,,
TML | Search | Commercial & Gates,,,,,,,,,,,,programming,Campaign Negative Phrase,,,,,,,,,,,,,,,,,,,,,,,,
TML | Search | Commercial & Gates,,,,,,,,,,,,reprogram,Campaign Negative Phrase,,,,,,,,,,,,,,,,,,,,,,,,
TML | Search | Commercial & Gates,,,,,,,,,,,,myq setup,Campaign Negative Phrase,,,,,,,,,,,,,,,,,,,,,,,,
TML | Search | Commercial & Gates,,,,,,,,,,,,job,Campaign Negative Phrase,,,,,,,,,,,,,,,,,,,,,,,,
TML | Search | Commercial & Gates,,,,,,,,,,,,jobs,Campaign Negative Phrase,,,,,,,,,,,,,,,,,,,,,,,,
TML | Search | Commercial & Gates,,,,,,,,,,,,career,Campaign Negative Phrase,,,,,,,,,,,,,,,,,,,,,,,,
TML | Search | Commercial & Gates,,,,,,,,,,,,careers,Campaign Negative Phrase,,,,,,,,,,,,,,,,,,,,,,,,
TML | Search | Commercial & Gates,,,,,,,,,,,,hiring,Campaign Negative Phrase,,,,,,,,,,,,,,,,,,,,,,,,
TML | Search | Commercial & Gates,,,,,,,,,,,,salary,Campaign Negative Phrase,,,,,,,,,,,,,,,,,,,,,,,,
TML | Search | Commercial & Gates,,,,,,,,,,,,salaries,Campaign Negative Phrase,,,,,,,,,,,,,,,,,,,,,,,,
TML | Search | Commercial & Gates,,,,,,,,,,,,wage,Campaign Negative Phrase,,,,,,,,,,,,,,,,,,,,,,,,
TML | Search | Commercial & Gates,,,,,,,,,,,,wages,Campaign Negative Phrase,,,,,,,,,,,,,,,,,,,,,,,,
TML | Search | Commercial & Gates,,,,,,,,,,,,employment,Campaign Negative Phrase,,,,,,,,,,,,,,,,,,,,,,,,
TML | Search | Commercial & Gates,,,,,,,,,,,,apprentice,Campaign Negative Phrase,,,,,,,,,,,,,,,,,,,,,,,,
TML | Search | Commercial & Gates,,,,,,,,,,,,apprenticeship,Campaign Negative Phrase,,,,,,,,,,,,,,,,,,,,,,,,
TML | Search | Commercial & Gates,,,,,,,,,,,,training,Campaign Negative Phrase,,,,,,,,,,,,,,,,,,,,,,,,
TML | Search | Commercial & Gates,,,,,,,,,,,,school,Campaign Negative Phrase,,,,,,,,,,,,,,,,,,,,,,,,
TML | Search | Commercial & Gates,,,,,,,,,,,,certification,Campaign Negative Phrase,,,,,,,,,,,,,,,,,,,,,,,,
TML | Search | Commercial & Gates,,,,,,,,,,,,course,Campaign Negative Phrase,,,,,,,,,,,,,,,,,,,,,,,,
TML | Search | Commercial & Gates,,,,,,,,,,,,classes,Campaign Negative Phrase,,,,,,,,,,,,,,,,,,,,,,,,
TML | Search | Commercial & Gates,,,,,,,,,,,,resume,Campaign Negative Phrase,,,,,,,,,,,,,,,,,,,,,,,,
TML | Search | Commercial & Gates,,,,,,,,,,,,vacancy,Campaign Negative Phrase,,,,,,,,,,,,,,,,,,,,,,,,
TML | Search | Commercial & Gates,,,,,,,,,,,,recruiter,Campaign Negative Phrase,,,,,,,,,,,,,,,,,,,,,,,,
TML | Search | Commercial & Gates,,,,,,,,,,,,union,Campaign Negative Phrase,,,,,,,,,,,,,,,,,,,,,,,,
TML | Search | Commercial & Gates,,,,,,,,,,,,how much do they make,Campaign Negative Phrase,,,,,,,,,,,,,,,,,,,,,,,,
TML | Search | Commercial & Gates,,,,,,,,,,,,parts,Campaign Negative Phrase,,,,,,,,,,,,,,,,,,,,,,,,
TML | Search | Commercial & Gates,,,,,,,,,,,,home depot,Campaign Negative Phrase,,,,,,,,,,,,,,,,,,,,,,,,
TML | Search | Commercial & Gates,,,,,,,,,,,,lowes,Campaign Negative Phrase,,,,,,,,,,,,,,,,,,,,,,,,
TML | Search | Commercial & Gates,,,,,,,,,,,,lowe's,Campaign Negative Phrase,,,,,,,,,,,,,,,,,,,,,,,,
TML | Search | Commercial & Gates,,,,,,,,,,,,amazon,Campaign Negative Phrase,,,,,,,,,,,,,,,,,,,,,,,,
TML | Search | Commercial & Gates,,,,,,,,,,,,menards,Campaign Negative Phrase,,,,,,,,,,,,,,,,,,,,,,,,
TML | Search | Commercial & Gates,,,,,,,,,,,,costco,Campaign Negative Phrase,,,,,,,,,,,,,,,,,,,,,,,,
TML | Search | Commercial & Gates,,,,,,,,,,,,walmart,Campaign Negative Phrase,,,,,,,,,,,,,,,,,,,,,,,,
TML | Search | Commercial & Gates,,,,,,,,,,,,ebay,Campaign Negative Phrase,,,,,,,,,,,,,,,,,,,,,,,,
TML | Search | Commercial & Gates,,,,,,,,,,,,harbor freight,Campaign Negative Phrase,,,,,,,,,,,,,,,,,,,,,,,,
TML | Search | Commercial & Gates,,,,,,,,,,,,wholesale,Campaign Negative Phrase,,,,,,,,,,,,,,,,,,,,,,,,
TML | Search | Commercial & Gates,,,,,,,,,,,,supplier,Campaign Negative Phrase,,,,,,,,,,,,,,,,,,,,,,,,
TML | Search | Commercial & Gates,,,,,,,,,,,,supply,Campaign Negative Phrase,,,,,,,,,,,,,,,,,,,,,,,,
TML | Search | Commercial & Gates,,,,,,,,,,,,distributor,Campaign Negative Phrase,,,,,,,,,,,,,,,,,,,,,,,,
TML | Search | Commercial & Gates,,,,,,,,,,,,buy online,Campaign Negative Phrase,,,,,,,,,,,,,,,,,,,,,,,,
TML | Search | Commercial & Gates,,,,,,,,,,,,for sale,Campaign Negative Phrase,,,,,,,,,,,,,,,,,,,,,,,,
TML | Search | Commercial & Gates,,,,,,,,,,,,kit,Campaign Negative Phrase,,,,,,,,,,,,,,,,,,,,,,,,
TML | Search | Commercial & Gates,,,,,,,,,,,,kits,Campaign Negative Phrase,,,,,,,,,,,,,,,,,,,,,,,,
TML | Search | Commercial & Gates,,,,,,,,,,,,replacement parts,Campaign Negative Phrase,,,,,,,,,,,,,,,,,,,,,,,,
TML | Search | Commercial & Gates,,,,,,,,,,,,remote battery,Campaign Negative Phrase,,,,,,,,,,,,,,,,,,,,,,,,
TML | Search | Commercial & Gates,,,,,,,,,,,,battery,Campaign Negative Phrase,,,,,,,,,,,,,,,,,,,,,,,,
TML | Search | Commercial & Gates,,,,,,,,,,,,batteries,Campaign Negative Phrase,,,,,,,,,,,,,,,,,,,,,,,,
TML | Search | Commercial & Gates,,,,,,,,,,,,struts,Campaign Negative Phrase,,,,,,,,,,,,,,,,,,,,,,,,
TML | Search | Commercial & Gates,,,,,,,,,,,,brackets,Campaign Negative Phrase,,,,,,,,,,,,,,,,,,,,,,,,
TML | Search | Commercial & Gates,,,,,,,,,,,,used,Campaign Negative Phrase,,,,,,,,,,,,,,,,,,,,,,,,
TML | Search | Commercial & Gates,,,,,,,,,,,,second hand,Campaign Negative Phrase,,,,,,,,,,,,,,,,,,,,,,,,
TML | Search | Commercial & Gates,,,,,,,,,,,,salvage,Campaign Negative Phrase,,,,,,,,,,,,,,,,,,,,,,,,
TML | Search | Commercial & Gates,,,,,,,,,,,,ideas,Campaign Negative Phrase,,,,,,,,,,,,,,,,,,,,,,,,
TML | Search | Commercial & Gates,,,,,,,,,,,,design ideas,Campaign Negative Phrase,,,,,,,,,,,,,,,,,,,,,,,,
TML | Search | Commercial & Gates,,,,,,,,,,,,paint,Campaign Negative Phrase,,,,,,,,,,,,,,,,,,,,,,,,
TML | Search | Commercial & Gates,,,,,,,,,,,,painting,Campaign Negative Phrase,,,,,,,,,,,,,,,,,,,,,,,,
TML | Search | Commercial & Gates,,,,,,,,,,,,color,Campaign Negative Phrase,,,,,,,,,,,,,,,,,,,,,,,,
TML | Search | Commercial & Gates,,,,,,,,,,,,colors,Campaign Negative Phrase,,,,,,,,,,,,,,,,,,,,,,,,
TML | Search | Commercial & Gates,,,,,,,,,,,,decor,Campaign Negative Phrase,,,,,,,,,,,,,,,,,,,,,,,,
TML | Search | Commercial & Gates,,,,,,,,,,,,decorating,Campaign Negative Phrase,,,,,,,,,,,,,,,,,,,,,,,,
TML | Search | Commercial & Gates,,,,,,,,,,,,curtain,Campaign Negative Phrase,,,,,,,,,,,,,,,,,,,,,,,,
TML | Search | Commercial & Gates,,,,,,,,,,,,curtains,Campaign Negative Phrase,,,,,,,,,,,,,,,,,,,,,,,,
TML | Search | Commercial & Gates,,,,,,,,,,,,screen,Campaign Negative Phrase,,,,,,,,,,,,,,,,,,,,,,,,
TML | Search | Commercial & Gates,,,,,,,,,,,,screens,Campaign Negative Phrase,,,,,,,,,,,,,,,,,,,,,,,,
TML | Search | Commercial & Gates,,,,,,,,,,,,magnets,Campaign Negative Phrase,,,,,,,,,,,,,,,,,,,,,,,,
TML | Search | Commercial & Gates,,,,,,,,,,,,decals,Campaign Negative Phrase,,,,,,,,,,,,,,,,,,,,,,,,
TML | Search | Commercial & Gates,,,,,,,,,,,,mural,Campaign Negative Phrase,,,,,,,,,,,,,,,,,,,,,,,,
TML | Search | Commercial & Gates,,,,,,,,,,,,wrap,Campaign Negative Phrase,,,,,,,,,,,,,,,,,,,,,,,,
TML | Search | Commercial & Gates,,,,,,,,,,,,sticker,Campaign Negative Phrase,,,,,,,,,,,,,,,,,,,,,,,,
TML | Search | Commercial & Gates,,,,,,,,,,,,window inserts,Campaign Negative Phrase,,,,,,,,,,,,,,,,,,,,,,,,
TML | Search | Commercial & Gates,,,,,,,,,,,,decorative,Campaign Negative Phrase,,,,,,,,,,,,,,,,,,,,,,,,
TML | Search | Commercial & Gates,,,,,,,,,,,,faux windows,Campaign Negative Phrase,,,,,,,,,,,,,,,,,,,,,,,,
TML | Search | Commercial & Gates,,,,,,,,,,,,storage unit,Campaign Negative Phrase,,,,,,,,,,,,,,,,,,,,,,,,
TML | Search | Commercial & Gates,,,,,,,,,,,,storage units,Campaign Negative Phrase,,,,,,,,,,,,,,,,,,,,,,,,
TML | Search | Commercial & Gates,,,,,,,,,,,,self storage,Campaign Negative Phrase,,,,,,,,,,,,,,,,,,,,,,,,
TML | Search | Commercial & Gates,,,,,,,,,,,,garage sale,Campaign Negative Phrase,,,,,,,,,,,,,,,,,,,,,,,,
TML | Search | Commercial & Gates,,,,,,,,,,,,garage band,Campaign Negative Phrase,,,,,,,,,,,,,,,,,,,,,,,,
TML | Search | Commercial & Gates,,,,,,,,,,,,parking garage,Campaign Negative Phrase,,,,,,,,,,,,,,,,,,,,,,,,
TML | Search | Commercial & Gates,,,,,,,,,,,,garage floor,Campaign Negative Phrase,,,,,,,,,,,,,,,,,,,,,,,,
TML | Search | Commercial & Gates,,,,,,,,,,,,epoxy,Campaign Negative Phrase,,,,,,,,,,,,,,,,,,,,,,,,
TML | Search | Commercial & Gates,,,,,,,,,,,,flooring,Campaign Negative Phrase,,,,,,,,,,,,,,,,,,,,,,,,
TML | Search | Commercial & Gates,,,,,,,,,,,,garage organization,Campaign Negative Phrase,,,,,,,,,,,,,,,,,,,,,,,,
TML | Search | Commercial & Gates,,,,,,,,,,,,shelving,Campaign Negative Phrase,,,,,,,,,,,,,,,,,,,,,,,,
TML | Search | Commercial & Gates,,,,,,,,,,,,cabinets,Campaign Negative Phrase,,,,,,,,,,,,,,,,,,,,,,,,
TML | Search | Commercial & Gates,,,,,,,,,,,,gym,Campaign Negative Phrase,,,,,,,,,,,,,,,,,,,,,,,,
TML | Search | Commercial & Gates,,,,,,,,,,,,garage conversion,Campaign Negative Phrase,,,,,,,,,,,,,,,,,,,,,,,,
TML | Search | Commercial & Gates,,,,,,,,,,,,adu,Campaign Negative Phrase,,,,,,,,,,,,,,,,,,,,,,,,
TML | Search | Commercial & Gates,,,,,,,,,,,,shed,Campaign Negative Phrase,,,,,,,,,,,,,,,,,,,,,,,,
TML | Search | Commercial & Gates,,,,,,,,,,,,carport,Campaign Negative Phrase,,,,,,,,,,,,,,,,,,,,,,,,
TML | Search | Commercial & Gates,,,,,,,,,,,,rental,Campaign Negative Phrase,,,,,,,,,,,,,,,,,,,,,,,,
TML | Search | Commercial & Gates,,,,,,,,,,,,rent,Campaign Negative Phrase,,,,,,,,,,,,,,,,,,,,,,,,
TML | Search | Commercial & Gates,,,,,,,,,,,,for rent,Campaign Negative Phrase,,,,,,,,,,,,,,,,,,,,,,,,
TML | Search | Commercial & Gates,,,,,,,,,,,,entry door,Campaign Negative Phrase,,,,,,,,,,,,,,,,,,,,,,,,
TML | Search | Commercial & Gates,,,,,,,,,,,,front door,Campaign Negative Phrase,,,,,,,,,,,,,,,,,,,,,,,,
TML | Search | Commercial & Gates,,,,,,,,,,,,screen door,Campaign Negative Phrase,,,,,,,,,,,,,,,,,,,,,,,,
TML | Search | Commercial & Gates,,,,,,,,,,,,storm door,Campaign Negative Phrase,,,,,,,,,,,,,,,,,,,,,,,,
TML | Search | Commercial & Gates,,,,,,,,,,,,shower door,Campaign Negative Phrase,,,,,,,,,,,,,,,,,,,,,,,,
TML | Search | Commercial & Gates,,,,,,,,,,,,barn door,Campaign Negative Phrase,,,,,,,,,,,,,,,,,,,,,,,,
TML | Search | Commercial & Gates,,,,,,,,,,,,pet door,Campaign Negative Phrase,,,,,,,,,,,,,,,,,,,,,,,,
TML | Search | Commercial & Gates,,,,,,,,,,,,interior door,Campaign Negative Phrase,,,,,,,,,,,,,,,,,,,,,,,,
TML | Search | Commercial & Gates,,,,,,,,,,,,fence,Campaign Negative Phrase,,,,,,,,,,,,,,,,,,,,,,,,
TML | Search | Commercial & Gates,,,,,,,,,,,,fencing,Campaign Negative Phrase,,,,,,,,,,,,,,,,,,,,,,,,
TML | Search | Commercial & Gates,,,,,,,,,,,,window replacement,Campaign Negative Phrase,,,,,,,,,,,,,,,,,,,,,,,,
TML | Search | Commercial & Gates,,,,,,,,,,,,car garage,Campaign Negative Phrase,,,,,,,,,,,,,,,,,,,,,,,,
TML | Search | Commercial & Gates,,,,,,,,,,,,meaning,Campaign Negative Phrase,,,,,,,,,,,,,,,,,,,,,,,,
TML | Search | Commercial & Gates,,,,,,,,,,,,definition,Campaign Negative Phrase,,,,,,,,,,,,,,,,,,,,,,,,
TML | Search | Commercial & Gates,,,,,,,,,,,,wikipedia,Campaign Negative Phrase,,,,,,,,,,,,,,,,,,,,,,,,
TML | Search | Commercial & Gates,,,,,,,,,,,,reddit,Campaign Negative Phrase,,,,,,,,,,,,,,,,,,,,,,,,
TML | Search | Commercial & Gates,,,,,,,,,,,,forum,Campaign Negative Phrase,,,,,,,,,,,,,,,,,,,,,,,,
TML | Search | Commercial & Gates,,,,,,,,,,,,what is,Campaign Negative Phrase,,,,,,,,,,,,,,,,,,,,,,,,
TML | Search | Commercial & Gates,,,,,,,,,,,,why does,Campaign Negative Phrase,,,,,,,,,,,,,,,,,,,,,,,,
TML | Search | Commercial & Gates,,,,,,,,,,,,complaints,Campaign Negative Phrase,,,,,,,,,,,,,,,,,,,,,,,,
TML | Search | Commercial & Gates,,,,,,,,,,,,scam,Campaign Negative Phrase,,,,,,,,,,,,,,,,,,,,,,,,
TML | Search | Commercial & Gates,,,,,,,,,,,,lawsuit,Campaign Negative Phrase,,,,,,,,,,,,,,,,,,,,,,,,
TML | Search | Commercial & Gates,,,,,,,,,,,,attorney,Campaign Negative Phrase,,,,,,,,,,,,,,,,,,,,,,,,
TML | Search | Commercial & Gates,,,,,,,,,,,,lawyer,Campaign Negative Phrase,,,,,,,,,,,,,,,,,,,,,,,,
TML | Search | Commercial & Gates,,,,,,,,,,,,class action,Campaign Negative Phrase,,,,,,,,,,,,,,,,,,,,,,,,
TML | Search | Commercial & Gates,,,,,,,,,,,,recall,Campaign Negative Phrase,,,,,,,,,,,,,,,,,,,,,,,,
TML | Search | Commercial & Gates,,,,,,,,,,,,warranty claim,Campaign Negative Phrase,,,,,,,,,,,,,,,,,,,,,,,,
TML | Search | Commercial & Gates,,,,,,,,,,,,insurance claim,Campaign Negative Phrase,,,,,,,,,,,,,,,,,,,,,,,,
TML | Search | Commercial & Gates,,,,,,,,,,,,franchise,Campaign Negative Phrase,,,,,,,,,,,,,,,,,,,,,,,,
TML | Search | Commercial & Gates,,,,,,,,,,,,franchises,Campaign Negative Phrase,,,,,,,,,,,,,,,,,,,,,,,,
TML | Search | Commercial & Gates,,,,,,,,,,,,business for sale,Campaign Negative Phrase,,,,,,,,,,,,,,,,,,,,,,,,
TML | Search | Commercial & Gates,,,,,,,,,,,,start a business,Campaign Negative Phrase,,,,,,,,,,,,,,,,,,,,,,,,
TML | Search | Commercial & Gates,,,,,,,,,,,,dealer application,Campaign Negative Phrase,,,,,,,,,,,,,,,,,,,,,,,,
TML | Search | Commercial & Gates,,,,,,,,,,,,become a dealer,Campaign Negative Phrase,,,,,,,,,,,,,,,,,,,,,,,,
TML | Search | Commercial & Gates,,,,,,,,,,,,manufacturer,Campaign Negative Phrase,,,,,,,,,,,,,,,,,,,,,,,,
TML | Search | Commercial & Gates,,,,,,,,,,,,factory,Campaign Negative Phrase,,,,,,,,,,,,,,,,,,,,,,,,
TML | Search | Commercial & Gates,,,,,,,,,,,,dallas,Campaign Negative Phrase,,,,,,,,,,,,,,,,,,,,,,,,
TML | Search | Commercial & Gates,,,,,,,,,,,,fort worth,Campaign Negative Phrase,,,,,,,,,,,,,,,,,,,,,,,,
TML | Search | Commercial & Gates,,,,,,,,,,,,austin,Campaign Negative Phrase,,,,,,,,,,,,,,,,,,,,,,,,
TML | Search | Commercial & Gates,,,,,,,,,,,,san antonio,Campaign Negative Phrase,,,,,,,,,,,,,,,,,,,,,,,,
TML | Search | Commercial & Gates,,,,,,,,,,,,el paso,Campaign Negative Phrase,,,,,,,,,,,,,,,,,,,,,,,,
TML | Search | Commercial & Gates,,,,,,,,,,,,lubbock,Campaign Negative Phrase,,,,,,,,,,,,,,,,,,,,,,,,
TML | Search | Commercial & Gates,,,,,,,,,,,,amarillo,Campaign Negative Phrase,,,,,,,,,,,,,,,,,,,,,,,,
TML | Search | Commercial & Gates,,,,,,,,,,,,corpus christi,Campaign Negative Phrase,,,,,,,,,,,,,,,,,,,,,,,,
TML | Search | Commercial & Gates,,,,,,,,,,,,galveston,Campaign Negative Phrase,,,,,,,,,,,,,,,,,,,,,,,,
TML | Search | Commercial & Gates,,,,,,,,,,,,beaumont,Campaign Negative Phrase,,,,,,,,,,,,,,,,,,,,,,,,
TML | Search | Commercial & Gates,,,,,,,,,,,,college station,Campaign Negative Phrase,,,,,,,,,,,,,,,,,,,,,,,,
TML | Search | Commercial & Gates,,,,,,,,,,,,waco,Campaign Negative Phrase,,,,,,,,,,,,,,,,,,,,,,,,
TML | Search | Commercial & Gates,,,,,,,,,,,,tyler,Campaign Negative Phrase,,,,,,,,,,,,,,,,,,,,,,,,
TML | Search | Commercial & Gates,,,,,,,,,,,,killeen,Campaign Negative Phrase,,,,,,,,,,,,,,,,,,,,,,,,
TML | Search | Commercial & Gates,,,,,,,,,,,,midland,Campaign Negative Phrase,,,,,,,,,,,,,,,,,,,,,,,,
TML | Search | Commercial & Gates,,,,,,,,,,,,odessa,Campaign Negative Phrase,,,,,,,,,,,,,,,,,,,,,,,,
TML | Search | Commercial & Gates,,,,,,,,,,,,oklahoma,Campaign Negative Phrase,,,,,,,,,,,,,,,,,,,,,,,,
TML | Search | Commercial & Gates,,,,,,,,,,,,louisiana,Campaign Negative Phrase,,,,,,,,,,,,,,,,,,,,,,,,
TML | Search | Commercial & Gates,,,,,,,,,,,,florida,Campaign Negative Phrase,,,,,,,,,,,,,,,,,,,,,,,,
TML | Search | Commercial & Gates,,,,,,,,,,,,california,Campaign Negative Phrase,,,,,,,,,,,,,,,,,,,,,,,,
TML | Search | Commercial & Gates,,,,,,,,,,,,arizona,Campaign Negative Phrase,,,,,,,,,,,,,,,,,,,,,,,,
TML | Search | Components & Symptoms,,,,,,,,,,,,diy,Campaign Negative Phrase,,,,,,,,,,,,,,,,,,,,,,,,
TML | Search | Components & Symptoms,,,,,,,,,,,,do it yourself,Campaign Negative Phrase,,,,,,,,,,,,,,,,,,,,,,,,
TML | Search | Components & Symptoms,,,,,,,,,,,,how to,Campaign Negative Phrase,,,,,,,,,,,,,,,,,,,,,,,,
TML | Search | Components & Symptoms,,,,,,,,,,,,how do i,Campaign Negative Phrase,,,,,,,,,,,,,,,,,,,,,,,,
TML | Search | Components & Symptoms,,,,,,,,,,,,how can i,Campaign Negative Phrase,,,,,,,,,,,,,,,,,,,,,,,,
TML | Search | Components & Symptoms,,,,,,,,,,,,fix it myself,Campaign Negative Phrase,,,,,,,,,,,,,,,,,,,,,,,,
TML | Search | Components & Symptoms,,,,,,,,,,,,fix myself,Campaign Negative Phrase,,,,,,,,,,,,,,,,,,,,,,,,
TML | Search | Components & Symptoms,,,,,,,,,,,,repair myself,Campaign Negative Phrase,,,,,,,,,,,,,,,,,,,,,,,,
TML | Search | Components & Symptoms,,,,,,,,,,,,tutorial,Campaign Negative Phrase,,,,,,,,,,,,,,,,,,,,,,,,
TML | Search | Components & Symptoms,,,,,,,,,,,,youtube,Campaign Negative Phrase,,,,,,,,,,,,,,,,,,,,,,,,
TML | Search | Components & Symptoms,,,,,,,,,,,,video,Campaign Negative Phrase,,,,,,,,,,,,,,,,,,,,,,,,
TML | Search | Components & Symptoms,,,,,,,,,,,,instructions,Campaign Negative Phrase,,,,,,,,,,,,,,,,,,,,,,,,
TML | Search | Components & Symptoms,,,,,,,,,,,,manual,Campaign Negative Phrase,,,,,,,,,,,,,,,,,,,,,,,,
TML | Search | Components & Symptoms,,,,,,,,,,,,step by step,Campaign Negative Phrase,,,,,,,,,,,,,,,,,,,,,,,,
TML | Search | Components & Symptoms,,,,,,,,,,,,homemade,Campaign Negative Phrase,,,,,,,,,,,,,,,,,,,,,,,,
TML | Search | Components & Symptoms,,,,,,,,,,,,troubleshoot,Campaign Negative Phrase,,,,,,,,,,,,,,,,,,,,,,,,
TML | Search | Components & Symptoms,,,,,,,,,,,,troubleshooting,Campaign Negative Phrase,,,,,,,,,,,,,,,,,,,,,,,,
TML | Search | Components & Symptoms,,,,,,,,,,,,reset code,Campaign Negative Phrase,,,,,,,,,,,,,,,,,,,,,,,,
TML | Search | Components & Symptoms,,,,,,,,,,,,program remote,Campaign Negative Phrase,,,,,,,,,,,,,,,,,,,,,,,,
TML | Search | Components & Symptoms,,,,,,,,,,,,programming,Campaign Negative Phrase,,,,,,,,,,,,,,,,,,,,,,,,
TML | Search | Components & Symptoms,,,,,,,,,,,,reprogram,Campaign Negative Phrase,,,,,,,,,,,,,,,,,,,,,,,,
TML | Search | Components & Symptoms,,,,,,,,,,,,myq setup,Campaign Negative Phrase,,,,,,,,,,,,,,,,,,,,,,,,
TML | Search | Components & Symptoms,,,,,,,,,,,,job,Campaign Negative Phrase,,,,,,,,,,,,,,,,,,,,,,,,
TML | Search | Components & Symptoms,,,,,,,,,,,,jobs,Campaign Negative Phrase,,,,,,,,,,,,,,,,,,,,,,,,
TML | Search | Components & Symptoms,,,,,,,,,,,,career,Campaign Negative Phrase,,,,,,,,,,,,,,,,,,,,,,,,
TML | Search | Components & Symptoms,,,,,,,,,,,,careers,Campaign Negative Phrase,,,,,,,,,,,,,,,,,,,,,,,,
TML | Search | Components & Symptoms,,,,,,,,,,,,hiring,Campaign Negative Phrase,,,,,,,,,,,,,,,,,,,,,,,,
TML | Search | Components & Symptoms,,,,,,,,,,,,salary,Campaign Negative Phrase,,,,,,,,,,,,,,,,,,,,,,,,
TML | Search | Components & Symptoms,,,,,,,,,,,,salaries,Campaign Negative Phrase,,,,,,,,,,,,,,,,,,,,,,,,
TML | Search | Components & Symptoms,,,,,,,,,,,,wage,Campaign Negative Phrase,,,,,,,,,,,,,,,,,,,,,,,,
TML | Search | Components & Symptoms,,,,,,,,,,,,wages,Campaign Negative Phrase,,,,,,,,,,,,,,,,,,,,,,,,
TML | Search | Components & Symptoms,,,,,,,,,,,,employment,Campaign Negative Phrase,,,,,,,,,,,,,,,,,,,,,,,,
TML | Search | Components & Symptoms,,,,,,,,,,,,apprentice,Campaign Negative Phrase,,,,,,,,,,,,,,,,,,,,,,,,
TML | Search | Components & Symptoms,,,,,,,,,,,,apprenticeship,Campaign Negative Phrase,,,,,,,,,,,,,,,,,,,,,,,,
TML | Search | Components & Symptoms,,,,,,,,,,,,training,Campaign Negative Phrase,,,,,,,,,,,,,,,,,,,,,,,,
TML | Search | Components & Symptoms,,,,,,,,,,,,school,Campaign Negative Phrase,,,,,,,,,,,,,,,,,,,,,,,,
TML | Search | Components & Symptoms,,,,,,,,,,,,certification,Campaign Negative Phrase,,,,,,,,,,,,,,,,,,,,,,,,
TML | Search | Components & Symptoms,,,,,,,,,,,,course,Campaign Negative Phrase,,,,,,,,,,,,,,,,,,,,,,,,
TML | Search | Components & Symptoms,,,,,,,,,,,,classes,Campaign Negative Phrase,,,,,,,,,,,,,,,,,,,,,,,,
TML | Search | Components & Symptoms,,,,,,,,,,,,resume,Campaign Negative Phrase,,,,,,,,,,,,,,,,,,,,,,,,
TML | Search | Components & Symptoms,,,,,,,,,,,,vacancy,Campaign Negative Phrase,,,,,,,,,,,,,,,,,,,,,,,,
TML | Search | Components & Symptoms,,,,,,,,,,,,recruiter,Campaign Negative Phrase,,,,,,,,,,,,,,,,,,,,,,,,
TML | Search | Components & Symptoms,,,,,,,,,,,,union,Campaign Negative Phrase,,,,,,,,,,,,,,,,,,,,,,,,
TML | Search | Components & Symptoms,,,,,,,,,,,,how much do they make,Campaign Negative Phrase,,,,,,,,,,,,,,,,,,,,,,,,
TML | Search | Components & Symptoms,,,,,,,,,,,,parts,Campaign Negative Phrase,,,,,,,,,,,,,,,,,,,,,,,,
TML | Search | Components & Symptoms,,,,,,,,,,,,home depot,Campaign Negative Phrase,,,,,,,,,,,,,,,,,,,,,,,,
TML | Search | Components & Symptoms,,,,,,,,,,,,lowes,Campaign Negative Phrase,,,,,,,,,,,,,,,,,,,,,,,,
TML | Search | Components & Symptoms,,,,,,,,,,,,lowe's,Campaign Negative Phrase,,,,,,,,,,,,,,,,,,,,,,,,
TML | Search | Components & Symptoms,,,,,,,,,,,,amazon,Campaign Negative Phrase,,,,,,,,,,,,,,,,,,,,,,,,
TML | Search | Components & Symptoms,,,,,,,,,,,,menards,Campaign Negative Phrase,,,,,,,,,,,,,,,,,,,,,,,,
TML | Search | Components & Symptoms,,,,,,,,,,,,costco,Campaign Negative Phrase,,,,,,,,,,,,,,,,,,,,,,,,
TML | Search | Components & Symptoms,,,,,,,,,,,,walmart,Campaign Negative Phrase,,,,,,,,,,,,,,,,,,,,,,,,
TML | Search | Components & Symptoms,,,,,,,,,,,,ebay,Campaign Negative Phrase,,,,,,,,,,,,,,,,,,,,,,,,
TML | Search | Components & Symptoms,,,,,,,,,,,,harbor freight,Campaign Negative Phrase,,,,,,,,,,,,,,,,,,,,,,,,
TML | Search | Components & Symptoms,,,,,,,,,,,,wholesale,Campaign Negative Phrase,,,,,,,,,,,,,,,,,,,,,,,,
TML | Search | Components & Symptoms,,,,,,,,,,,,supplier,Campaign Negative Phrase,,,,,,,,,,,,,,,,,,,,,,,,
TML | Search | Components & Symptoms,,,,,,,,,,,,supply,Campaign Negative Phrase,,,,,,,,,,,,,,,,,,,,,,,,
TML | Search | Components & Symptoms,,,,,,,,,,,,distributor,Campaign Negative Phrase,,,,,,,,,,,,,,,,,,,,,,,,
TML | Search | Components & Symptoms,,,,,,,,,,,,buy online,Campaign Negative Phrase,,,,,,,,,,,,,,,,,,,,,,,,
TML | Search | Components & Symptoms,,,,,,,,,,,,for sale,Campaign Negative Phrase,,,,,,,,,,,,,,,,,,,,,,,,
TML | Search | Components & Symptoms,,,,,,,,,,,,kit,Campaign Negative Phrase,,,,,,,,,,,,,,,,,,,,,,,,
TML | Search | Components & Symptoms,,,,,,,,,,,,kits,Campaign Negative Phrase,,,,,,,,,,,,,,,,,,,,,,,,
TML | Search | Components & Symptoms,,,,,,,,,,,,replacement parts,Campaign Negative Phrase,,,,,,,,,,,,,,,,,,,,,,,,
TML | Search | Components & Symptoms,,,,,,,,,,,,remote battery,Campaign Negative Phrase,,,,,,,,,,,,,,,,,,,,,,,,
TML | Search | Components & Symptoms,,,,,,,,,,,,battery,Campaign Negative Phrase,,,,,,,,,,,,,,,,,,,,,,,,
TML | Search | Components & Symptoms,,,,,,,,,,,,batteries,Campaign Negative Phrase,,,,,,,,,,,,,,,,,,,,,,,,
TML | Search | Components & Symptoms,,,,,,,,,,,,struts,Campaign Negative Phrase,,,,,,,,,,,,,,,,,,,,,,,,
TML | Search | Components & Symptoms,,,,,,,,,,,,brackets,Campaign Negative Phrase,,,,,,,,,,,,,,,,,,,,,,,,
TML | Search | Components & Symptoms,,,,,,,,,,,,used,Campaign Negative Phrase,,,,,,,,,,,,,,,,,,,,,,,,
TML | Search | Components & Symptoms,,,,,,,,,,,,second hand,Campaign Negative Phrase,,,,,,,,,,,,,,,,,,,,,,,,
TML | Search | Components & Symptoms,,,,,,,,,,,,salvage,Campaign Negative Phrase,,,,,,,,,,,,,,,,,,,,,,,,
TML | Search | Components & Symptoms,,,,,,,,,,,,ideas,Campaign Negative Phrase,,,,,,,,,,,,,,,,,,,,,,,,
TML | Search | Components & Symptoms,,,,,,,,,,,,design ideas,Campaign Negative Phrase,,,,,,,,,,,,,,,,,,,,,,,,
TML | Search | Components & Symptoms,,,,,,,,,,,,paint,Campaign Negative Phrase,,,,,,,,,,,,,,,,,,,,,,,,
TML | Search | Components & Symptoms,,,,,,,,,,,,painting,Campaign Negative Phrase,,,,,,,,,,,,,,,,,,,,,,,,
TML | Search | Components & Symptoms,,,,,,,,,,,,color,Campaign Negative Phrase,,,,,,,,,,,,,,,,,,,,,,,,
TML | Search | Components & Symptoms,,,,,,,,,,,,colors,Campaign Negative Phrase,,,,,,,,,,,,,,,,,,,,,,,,
TML | Search | Components & Symptoms,,,,,,,,,,,,decor,Campaign Negative Phrase,,,,,,,,,,,,,,,,,,,,,,,,
TML | Search | Components & Symptoms,,,,,,,,,,,,decorating,Campaign Negative Phrase,,,,,,,,,,,,,,,,,,,,,,,,
TML | Search | Components & Symptoms,,,,,,,,,,,,curtain,Campaign Negative Phrase,,,,,,,,,,,,,,,,,,,,,,,,
TML | Search | Components & Symptoms,,,,,,,,,,,,curtains,Campaign Negative Phrase,,,,,,,,,,,,,,,,,,,,,,,,
TML | Search | Components & Symptoms,,,,,,,,,,,,screen,Campaign Negative Phrase,,,,,,,,,,,,,,,,,,,,,,,,
TML | Search | Components & Symptoms,,,,,,,,,,,,screens,Campaign Negative Phrase,,,,,,,,,,,,,,,,,,,,,,,,
TML | Search | Components & Symptoms,,,,,,,,,,,,magnets,Campaign Negative Phrase,,,,,,,,,,,,,,,,,,,,,,,,
TML | Search | Components & Symptoms,,,,,,,,,,,,decals,Campaign Negative Phrase,,,,,,,,,,,,,,,,,,,,,,,,
TML | Search | Components & Symptoms,,,,,,,,,,,,mural,Campaign Negative Phrase,,,,,,,,,,,,,,,,,,,,,,,,
TML | Search | Components & Symptoms,,,,,,,,,,,,wrap,Campaign Negative Phrase,,,,,,,,,,,,,,,,,,,,,,,,
TML | Search | Components & Symptoms,,,,,,,,,,,,sticker,Campaign Negative Phrase,,,,,,,,,,,,,,,,,,,,,,,,
TML | Search | Components & Symptoms,,,,,,,,,,,,window inserts,Campaign Negative Phrase,,,,,,,,,,,,,,,,,,,,,,,,
TML | Search | Components & Symptoms,,,,,,,,,,,,decorative,Campaign Negative Phrase,,,,,,,,,,,,,,,,,,,,,,,,
TML | Search | Components & Symptoms,,,,,,,,,,,,faux windows,Campaign Negative Phrase,,,,,,,,,,,,,,,,,,,,,,,,
TML | Search | Components & Symptoms,,,,,,,,,,,,storage unit,Campaign Negative Phrase,,,,,,,,,,,,,,,,,,,,,,,,
TML | Search | Components & Symptoms,,,,,,,,,,,,storage units,Campaign Negative Phrase,,,,,,,,,,,,,,,,,,,,,,,,
TML | Search | Components & Symptoms,,,,,,,,,,,,self storage,Campaign Negative Phrase,,,,,,,,,,,,,,,,,,,,,,,,
TML | Search | Components & Symptoms,,,,,,,,,,,,garage sale,Campaign Negative Phrase,,,,,,,,,,,,,,,,,,,,,,,,
TML | Search | Components & Symptoms,,,,,,,,,,,,garage band,Campaign Negative Phrase,,,,,,,,,,,,,,,,,,,,,,,,
TML | Search | Components & Symptoms,,,,,,,,,,,,parking garage,Campaign Negative Phrase,,,,,,,,,,,,,,,,,,,,,,,,
TML | Search | Components & Symptoms,,,,,,,,,,,,garage floor,Campaign Negative Phrase,,,,,,,,,,,,,,,,,,,,,,,,
TML | Search | Components & Symptoms,,,,,,,,,,,,epoxy,Campaign Negative Phrase,,,,,,,,,,,,,,,,,,,,,,,,
TML | Search | Components & Symptoms,,,,,,,,,,,,flooring,Campaign Negative Phrase,,,,,,,,,,,,,,,,,,,,,,,,
TML | Search | Components & Symptoms,,,,,,,,,,,,garage organization,Campaign Negative Phrase,,,,,,,,,,,,,,,,,,,,,,,,
TML | Search | Components & Symptoms,,,,,,,,,,,,shelving,Campaign Negative Phrase,,,,,,,,,,,,,,,,,,,,,,,,
TML | Search | Components & Symptoms,,,,,,,,,,,,cabinets,Campaign Negative Phrase,,,,,,,,,,,,,,,,,,,,,,,,
TML | Search | Components & Symptoms,,,,,,,,,,,,gym,Campaign Negative Phrase,,,,,,,,,,,,,,,,,,,,,,,,
TML | Search | Components & Symptoms,,,,,,,,,,,,garage conversion,Campaign Negative Phrase,,,,,,,,,,,,,,,,,,,,,,,,
TML | Search | Components & Symptoms,,,,,,,,,,,,adu,Campaign Negative Phrase,,,,,,,,,,,,,,,,,,,,,,,,
TML | Search | Components & Symptoms,,,,,,,,,,,,shed,Campaign Negative Phrase,,,,,,,,,,,,,,,,,,,,,,,,
TML | Search | Components & Symptoms,,,,,,,,,,,,carport,Campaign Negative Phrase,,,,,,,,,,,,,,,,,,,,,,,,
TML | Search | Components & Symptoms,,,,,,,,,,,,rental,Campaign Negative Phrase,,,,,,,,,,,,,,,,,,,,,,,,
TML | Search | Components & Symptoms,,,,,,,,,,,,rent,Campaign Negative Phrase,,,,,,,,,,,,,,,,,,,,,,,,
TML | Search | Components & Symptoms,,,,,,,,,,,,for rent,Campaign Negative Phrase,,,,,,,,,,,,,,,,,,,,,,,,
TML | Search | Components & Symptoms,,,,,,,,,,,,entry door,Campaign Negative Phrase,,,,,,,,,,,,,,,,,,,,,,,,
TML | Search | Components & Symptoms,,,,,,,,,,,,front door,Campaign Negative Phrase,,,,,,,,,,,,,,,,,,,,,,,,
TML | Search | Components & Symptoms,,,,,,,,,,,,screen door,Campaign Negative Phrase,,,,,,,,,,,,,,,,,,,,,,,,
TML | Search | Components & Symptoms,,,,,,,,,,,,storm door,Campaign Negative Phrase,,,,,,,,,,,,,,,,,,,,,,,,
TML | Search | Components & Symptoms,,,,,,,,,,,,shower door,Campaign Negative Phrase,,,,,,,,,,,,,,,,,,,,,,,,
TML | Search | Components & Symptoms,,,,,,,,,,,,barn door,Campaign Negative Phrase,,,,,,,,,,,,,,,,,,,,,,,,
TML | Search | Components & Symptoms,,,,,,,,,,,,pet door,Campaign Negative Phrase,,,,,,,,,,,,,,,,,,,,,,,,
TML | Search | Components & Symptoms,,,,,,,,,,,,interior door,Campaign Negative Phrase,,,,,,,,,,,,,,,,,,,,,,,,
TML | Search | Components & Symptoms,,,,,,,,,,,,fence,Campaign Negative Phrase,,,,,,,,,,,,,,,,,,,,,,,,
TML | Search | Components & Symptoms,,,,,,,,,,,,fencing,Campaign Negative Phrase,,,,,,,,,,,,,,,,,,,,,,,,
TML | Search | Components & Symptoms,,,,,,,,,,,,window replacement,Campaign Negative Phrase,,,,,,,,,,,,,,,,,,,,,,,,
TML | Search | Components & Symptoms,,,,,,,,,,,,car garage,Campaign Negative Phrase,,,,,,,,,,,,,,,,,,,,,,,,
TML | Search | Components & Symptoms,,,,,,,,,,,,meaning,Campaign Negative Phrase,,,,,,,,,,,,,,,,,,,,,,,,
TML | Search | Components & Symptoms,,,,,,,,,,,,definition,Campaign Negative Phrase,,,,,,,,,,,,,,,,,,,,,,,,
TML | Search | Components & Symptoms,,,,,,,,,,,,wikipedia,Campaign Negative Phrase,,,,,,,,,,,,,,,,,,,,,,,,
TML | Search | Components & Symptoms,,,,,,,,,,,,reddit,Campaign Negative Phrase,,,,,,,,,,,,,,,,,,,,,,,,
TML | Search | Components & Symptoms,,,,,,,,,,,,forum,Campaign Negative Phrase,,,,,,,,,,,,,,,,,,,,,,,,
TML | Search | Components & Symptoms,,,,,,,,,,,,what is,Campaign Negative Phrase,,,,,,,,,,,,,,,,,,,,,,,,
TML | Search | Components & Symptoms,,,,,,,,,,,,why does,Campaign Negative Phrase,,,,,,,,,,,,,,,,,,,,,,,,
TML | Search | Components & Symptoms,,,,,,,,,,,,complaints,Campaign Negative Phrase,,,,,,,,,,,,,,,,,,,,,,,,
TML | Search | Components & Symptoms,,,,,,,,,,,,scam,Campaign Negative Phrase,,,,,,,,,,,,,,,,,,,,,,,,
TML | Search | Components & Symptoms,,,,,,,,,,,,lawsuit,Campaign Negative Phrase,,,,,,,,,,,,,,,,,,,,,,,,
TML | Search | Components & Symptoms,,,,,,,,,,,,attorney,Campaign Negative Phrase,,,,,,,,,,,,,,,,,,,,,,,,
TML | Search | Components & Symptoms,,,,,,,,,,,,lawyer,Campaign Negative Phrase,,,,,,,,,,,,,,,,,,,,,,,,
TML | Search | Components & Symptoms,,,,,,,,,,,,class action,Campaign Negative Phrase,,,,,,,,,,,,,,,,,,,,,,,,
TML | Search | Components & Symptoms,,,,,,,,,,,,recall,Campaign Negative Phrase,,,,,,,,,,,,,,,,,,,,,,,,
TML | Search | Components & Symptoms,,,,,,,,,,,,warranty claim,Campaign Negative Phrase,,,,,,,,,,,,,,,,,,,,,,,,
TML | Search | Components & Symptoms,,,,,,,,,,,,insurance claim,Campaign Negative Phrase,,,,,,,,,,,,,,,,,,,,,,,,
TML | Search | Components & Symptoms,,,,,,,,,,,,franchise,Campaign Negative Phrase,,,,,,,,,,,,,,,,,,,,,,,,
TML | Search | Components & Symptoms,,,,,,,,,,,,franchises,Campaign Negative Phrase,,,,,,,,,,,,,,,,,,,,,,,,
TML | Search | Components & Symptoms,,,,,,,,,,,,business for sale,Campaign Negative Phrase,,,,,,,,,,,,,,,,,,,,,,,,
TML | Search | Components & Symptoms,,,,,,,,,,,,start a business,Campaign Negative Phrase,,,,,,,,,,,,,,,,,,,,,,,,
TML | Search | Components & Symptoms,,,,,,,,,,,,dealer application,Campaign Negative Phrase,,,,,,,,,,,,,,,,,,,,,,,,
TML | Search | Components & Symptoms,,,,,,,,,,,,become a dealer,Campaign Negative Phrase,,,,,,,,,,,,,,,,,,,,,,,,
TML | Search | Components & Symptoms,,,,,,,,,,,,manufacturer,Campaign Negative Phrase,,,,,,,,,,,,,,,,,,,,,,,,
TML | Search | Components & Symptoms,,,,,,,,,,,,factory,Campaign Negative Phrase,,,,,,,,,,,,,,,,,,,,,,,,
TML | Search | Components & Symptoms,,,,,,,,,,,,dallas,Campaign Negative Phrase,,,,,,,,,,,,,,,,,,,,,,,,
TML | Search | Components & Symptoms,,,,,,,,,,,,fort worth,Campaign Negative Phrase,,,,,,,,,,,,,,,,,,,,,,,,
TML | Search | Components & Symptoms,,,,,,,,,,,,austin,Campaign Negative Phrase,,,,,,,,,,,,,,,,,,,,,,,,
TML | Search | Components & Symptoms,,,,,,,,,,,,san antonio,Campaign Negative Phrase,,,,,,,,,,,,,,,,,,,,,,,,
TML | Search | Components & Symptoms,,,,,,,,,,,,el paso,Campaign Negative Phrase,,,,,,,,,,,,,,,,,,,,,,,,
TML | Search | Components & Symptoms,,,,,,,,,,,,lubbock,Campaign Negative Phrase,,,,,,,,,,,,,,,,,,,,,,,,
TML | Search | Components & Symptoms,,,,,,,,,,,,amarillo,Campaign Negative Phrase,,,,,,,,,,,,,,,,,,,,,,,,
TML | Search | Components & Symptoms,,,,,,,,,,,,corpus christi,Campaign Negative Phrase,,,,,,,,,,,,,,,,,,,,,,,,
TML | Search | Components & Symptoms,,,,,,,,,,,,galveston,Campaign Negative Phrase,,,,,,,,,,,,,,,,,,,,,,,,
TML | Search | Components & Symptoms,,,,,,,,,,,,beaumont,Campaign Negative Phrase,,,,,,,,,,,,,,,,,,,,,,,,
TML | Search | Components & Symptoms,,,,,,,,,,,,college station,Campaign Negative Phrase,,,,,,,,,,,,,,,,,,,,,,,,
TML | Search | Components & Symptoms,,,,,,,,,,,,waco,Campaign Negative Phrase,,,,,,,,,,,,,,,,,,,,,,,,
TML | Search | Components & Symptoms,,,,,,,,,,,,tyler,Campaign Negative Phrase,,,,,,,,,,,,,,,,,,,,,,,,
TML | Search | Components & Symptoms,,,,,,,,,,,,killeen,Campaign Negative Phrase,,,,,,,,,,,,,,,,,,,,,,,,
TML | Search | Components & Symptoms,,,,,,,,,,,,midland,Campaign Negative Phrase,,,,,,,,,,,,,,,,,,,,,,,,
TML | Search | Components & Symptoms,,,,,,,,,,,,odessa,Campaign Negative Phrase,,,,,,,,,,,,,,,,,,,,,,,,
TML | Search | Components & Symptoms,,,,,,,,,,,,oklahoma,Campaign Negative Phrase,,,,,,,,,,,,,,,,,,,,,,,,
TML | Search | Components & Symptoms,,,,,,,,,,,,louisiana,Campaign Negative Phrase,,,,,,,,,,,,,,,,,,,,,,,,
TML | Search | Components & Symptoms,,,,,,,,,,,,florida,Campaign Negative Phrase,,,,,,,,,,,,,,,,,,,,,,,,
TML | Search | Components & Symptoms,,,,,,,,,,,,california,Campaign Negative Phrase,,,,,,,,,,,,,,,,,,,,,,,,
TML | Search | Components & Symptoms,,,,,,,,,,,,arizona,Campaign Negative Phrase,,,,,,,,,,,,,,,,,,,,,,,,
TML | Search | Competitor,,,,,,,,,,,,diy,Campaign Negative Phrase,,,,,,,,,,,,,,,,,,,,,,,,
TML | Search | Competitor,,,,,,,,,,,,do it yourself,Campaign Negative Phrase,,,,,,,,,,,,,,,,,,,,,,,,
TML | Search | Competitor,,,,,,,,,,,,how to,Campaign Negative Phrase,,,,,,,,,,,,,,,,,,,,,,,,
TML | Search | Competitor,,,,,,,,,,,,how do i,Campaign Negative Phrase,,,,,,,,,,,,,,,,,,,,,,,,
TML | Search | Competitor,,,,,,,,,,,,how can i,Campaign Negative Phrase,,,,,,,,,,,,,,,,,,,,,,,,
TML | Search | Competitor,,,,,,,,,,,,fix it myself,Campaign Negative Phrase,,,,,,,,,,,,,,,,,,,,,,,,
TML | Search | Competitor,,,,,,,,,,,,fix myself,Campaign Negative Phrase,,,,,,,,,,,,,,,,,,,,,,,,
TML | Search | Competitor,,,,,,,,,,,,repair myself,Campaign Negative Phrase,,,,,,,,,,,,,,,,,,,,,,,,
TML | Search | Competitor,,,,,,,,,,,,tutorial,Campaign Negative Phrase,,,,,,,,,,,,,,,,,,,,,,,,
TML | Search | Competitor,,,,,,,,,,,,youtube,Campaign Negative Phrase,,,,,,,,,,,,,,,,,,,,,,,,
TML | Search | Competitor,,,,,,,,,,,,video,Campaign Negative Phrase,,,,,,,,,,,,,,,,,,,,,,,,
TML | Search | Competitor,,,,,,,,,,,,instructions,Campaign Negative Phrase,,,,,,,,,,,,,,,,,,,,,,,,
TML | Search | Competitor,,,,,,,,,,,,manual,Campaign Negative Phrase,,,,,,,,,,,,,,,,,,,,,,,,
TML | Search | Competitor,,,,,,,,,,,,step by step,Campaign Negative Phrase,,,,,,,,,,,,,,,,,,,,,,,,
TML | Search | Competitor,,,,,,,,,,,,homemade,Campaign Negative Phrase,,,,,,,,,,,,,,,,,,,,,,,,
TML | Search | Competitor,,,,,,,,,,,,troubleshoot,Campaign Negative Phrase,,,,,,,,,,,,,,,,,,,,,,,,
TML | Search | Competitor,,,,,,,,,,,,troubleshooting,Campaign Negative Phrase,,,,,,,,,,,,,,,,,,,,,,,,
TML | Search | Competitor,,,,,,,,,,,,reset code,Campaign Negative Phrase,,,,,,,,,,,,,,,,,,,,,,,,
TML | Search | Competitor,,,,,,,,,,,,program remote,Campaign Negative Phrase,,,,,,,,,,,,,,,,,,,,,,,,
TML | Search | Competitor,,,,,,,,,,,,programming,Campaign Negative Phrase,,,,,,,,,,,,,,,,,,,,,,,,
TML | Search | Competitor,,,,,,,,,,,,reprogram,Campaign Negative Phrase,,,,,,,,,,,,,,,,,,,,,,,,
TML | Search | Competitor,,,,,,,,,,,,myq setup,Campaign Negative Phrase,,,,,,,,,,,,,,,,,,,,,,,,
TML | Search | Competitor,,,,,,,,,,,,job,Campaign Negative Phrase,,,,,,,,,,,,,,,,,,,,,,,,
TML | Search | Competitor,,,,,,,,,,,,jobs,Campaign Negative Phrase,,,,,,,,,,,,,,,,,,,,,,,,
TML | Search | Competitor,,,,,,,,,,,,career,Campaign Negative Phrase,,,,,,,,,,,,,,,,,,,,,,,,
TML | Search | Competitor,,,,,,,,,,,,careers,Campaign Negative Phrase,,,,,,,,,,,,,,,,,,,,,,,,
TML | Search | Competitor,,,,,,,,,,,,hiring,Campaign Negative Phrase,,,,,,,,,,,,,,,,,,,,,,,,
TML | Search | Competitor,,,,,,,,,,,,salary,Campaign Negative Phrase,,,,,,,,,,,,,,,,,,,,,,,,
TML | Search | Competitor,,,,,,,,,,,,salaries,Campaign Negative Phrase,,,,,,,,,,,,,,,,,,,,,,,,
TML | Search | Competitor,,,,,,,,,,,,wage,Campaign Negative Phrase,,,,,,,,,,,,,,,,,,,,,,,,
TML | Search | Competitor,,,,,,,,,,,,wages,Campaign Negative Phrase,,,,,,,,,,,,,,,,,,,,,,,,
TML | Search | Competitor,,,,,,,,,,,,employment,Campaign Negative Phrase,,,,,,,,,,,,,,,,,,,,,,,,
TML | Search | Competitor,,,,,,,,,,,,apprentice,Campaign Negative Phrase,,,,,,,,,,,,,,,,,,,,,,,,
TML | Search | Competitor,,,,,,,,,,,,apprenticeship,Campaign Negative Phrase,,,,,,,,,,,,,,,,,,,,,,,,
TML | Search | Competitor,,,,,,,,,,,,training,Campaign Negative Phrase,,,,,,,,,,,,,,,,,,,,,,,,
TML | Search | Competitor,,,,,,,,,,,,school,Campaign Negative Phrase,,,,,,,,,,,,,,,,,,,,,,,,
TML | Search | Competitor,,,,,,,,,,,,certification,Campaign Negative Phrase,,,,,,,,,,,,,,,,,,,,,,,,
TML | Search | Competitor,,,,,,,,,,,,course,Campaign Negative Phrase,,,,,,,,,,,,,,,,,,,,,,,,
TML | Search | Competitor,,,,,,,,,,,,classes,Campaign Negative Phrase,,,,,,,,,,,,,,,,,,,,,,,,
TML | Search | Competitor,,,,,,,,,,,,resume,Campaign Negative Phrase,,,,,,,,,,,,,,,,,,,,,,,,
TML | Search | Competitor,,,,,,,,,,,,vacancy,Campaign Negative Phrase,,,,,,,,,,,,,,,,,,,,,,,,
TML | Search | Competitor,,,,,,,,,,,,recruiter,Campaign Negative Phrase,,,,,,,,,,,,,,,,,,,,,,,,
TML | Search | Competitor,,,,,,,,,,,,union,Campaign Negative Phrase,,,,,,,,,,,,,,,,,,,,,,,,
TML | Search | Competitor,,,,,,,,,,,,how much do they make,Campaign Negative Phrase,,,,,,,,,,,,,,,,,,,,,,,,
TML | Search | Competitor,,,,,,,,,,,,parts,Campaign Negative Phrase,,,,,,,,,,,,,,,,,,,,,,,,
TML | Search | Competitor,,,,,,,,,,,,home depot,Campaign Negative Phrase,,,,,,,,,,,,,,,,,,,,,,,,
TML | Search | Competitor,,,,,,,,,,,,lowes,Campaign Negative Phrase,,,,,,,,,,,,,,,,,,,,,,,,
TML | Search | Competitor,,,,,,,,,,,,lowe's,Campaign Negative Phrase,,,,,,,,,,,,,,,,,,,,,,,,
TML | Search | Competitor,,,,,,,,,,,,amazon,Campaign Negative Phrase,,,,,,,,,,,,,,,,,,,,,,,,
TML | Search | Competitor,,,,,,,,,,,,menards,Campaign Negative Phrase,,,,,,,,,,,,,,,,,,,,,,,,
TML | Search | Competitor,,,,,,,,,,,,costco,Campaign Negative Phrase,,,,,,,,,,,,,,,,,,,,,,,,
TML | Search | Competitor,,,,,,,,,,,,walmart,Campaign Negative Phrase,,,,,,,,,,,,,,,,,,,,,,,,
TML | Search | Competitor,,,,,,,,,,,,ebay,Campaign Negative Phrase,,,,,,,,,,,,,,,,,,,,,,,,
TML | Search | Competitor,,,,,,,,,,,,harbor freight,Campaign Negative Phrase,,,,,,,,,,,,,,,,,,,,,,,,
TML | Search | Competitor,,,,,,,,,,,,wholesale,Campaign Negative Phrase,,,,,,,,,,,,,,,,,,,,,,,,
TML | Search | Competitor,,,,,,,,,,,,supplier,Campaign Negative Phrase,,,,,,,,,,,,,,,,,,,,,,,,
TML | Search | Competitor,,,,,,,,,,,,supply,Campaign Negative Phrase,,,,,,,,,,,,,,,,,,,,,,,,
TML | Search | Competitor,,,,,,,,,,,,distributor,Campaign Negative Phrase,,,,,,,,,,,,,,,,,,,,,,,,
TML | Search | Competitor,,,,,,,,,,,,buy online,Campaign Negative Phrase,,,,,,,,,,,,,,,,,,,,,,,,
TML | Search | Competitor,,,,,,,,,,,,for sale,Campaign Negative Phrase,,,,,,,,,,,,,,,,,,,,,,,,
TML | Search | Competitor,,,,,,,,,,,,kit,Campaign Negative Phrase,,,,,,,,,,,,,,,,,,,,,,,,
TML | Search | Competitor,,,,,,,,,,,,kits,Campaign Negative Phrase,,,,,,,,,,,,,,,,,,,,,,,,
TML | Search | Competitor,,,,,,,,,,,,replacement parts,Campaign Negative Phrase,,,,,,,,,,,,,,,,,,,,,,,,
TML | Search | Competitor,,,,,,,,,,,,remote battery,Campaign Negative Phrase,,,,,,,,,,,,,,,,,,,,,,,,
TML | Search | Competitor,,,,,,,,,,,,battery,Campaign Negative Phrase,,,,,,,,,,,,,,,,,,,,,,,,
TML | Search | Competitor,,,,,,,,,,,,batteries,Campaign Negative Phrase,,,,,,,,,,,,,,,,,,,,,,,,
TML | Search | Competitor,,,,,,,,,,,,struts,Campaign Negative Phrase,,,,,,,,,,,,,,,,,,,,,,,,
TML | Search | Competitor,,,,,,,,,,,,brackets,Campaign Negative Phrase,,,,,,,,,,,,,,,,,,,,,,,,
TML | Search | Competitor,,,,,,,,,,,,used,Campaign Negative Phrase,,,,,,,,,,,,,,,,,,,,,,,,
TML | Search | Competitor,,,,,,,,,,,,second hand,Campaign Negative Phrase,,,,,,,,,,,,,,,,,,,,,,,,
TML | Search | Competitor,,,,,,,,,,,,salvage,Campaign Negative Phrase,,,,,,,,,,,,,,,,,,,,,,,,
TML | Search | Competitor,,,,,,,,,,,,ideas,Campaign Negative Phrase,,,,,,,,,,,,,,,,,,,,,,,,
TML | Search | Competitor,,,,,,,,,,,,design ideas,Campaign Negative Phrase,,,,,,,,,,,,,,,,,,,,,,,,
TML | Search | Competitor,,,,,,,,,,,,paint,Campaign Negative Phrase,,,,,,,,,,,,,,,,,,,,,,,,
TML | Search | Competitor,,,,,,,,,,,,painting,Campaign Negative Phrase,,,,,,,,,,,,,,,,,,,,,,,,
TML | Search | Competitor,,,,,,,,,,,,color,Campaign Negative Phrase,,,,,,,,,,,,,,,,,,,,,,,,
TML | Search | Competitor,,,,,,,,,,,,colors,Campaign Negative Phrase,,,,,,,,,,,,,,,,,,,,,,,,
TML | Search | Competitor,,,,,,,,,,,,decor,Campaign Negative Phrase,,,,,,,,,,,,,,,,,,,,,,,,
TML | Search | Competitor,,,,,,,,,,,,decorating,Campaign Negative Phrase,,,,,,,,,,,,,,,,,,,,,,,,
TML | Search | Competitor,,,,,,,,,,,,curtain,Campaign Negative Phrase,,,,,,,,,,,,,,,,,,,,,,,,
TML | Search | Competitor,,,,,,,,,,,,curtains,Campaign Negative Phrase,,,,,,,,,,,,,,,,,,,,,,,,
TML | Search | Competitor,,,,,,,,,,,,screen,Campaign Negative Phrase,,,,,,,,,,,,,,,,,,,,,,,,
TML | Search | Competitor,,,,,,,,,,,,screens,Campaign Negative Phrase,,,,,,,,,,,,,,,,,,,,,,,,
TML | Search | Competitor,,,,,,,,,,,,magnets,Campaign Negative Phrase,,,,,,,,,,,,,,,,,,,,,,,,
TML | Search | Competitor,,,,,,,,,,,,decals,Campaign Negative Phrase,,,,,,,,,,,,,,,,,,,,,,,,
TML | Search | Competitor,,,,,,,,,,,,mural,Campaign Negative Phrase,,,,,,,,,,,,,,,,,,,,,,,,
TML | Search | Competitor,,,,,,,,,,,,wrap,Campaign Negative Phrase,,,,,,,,,,,,,,,,,,,,,,,,
TML | Search | Competitor,,,,,,,,,,,,sticker,Campaign Negative Phrase,,,,,,,,,,,,,,,,,,,,,,,,
TML | Search | Competitor,,,,,,,,,,,,window inserts,Campaign Negative Phrase,,,,,,,,,,,,,,,,,,,,,,,,
TML | Search | Competitor,,,,,,,,,,,,decorative,Campaign Negative Phrase,,,,,,,,,,,,,,,,,,,,,,,,
TML | Search | Competitor,,,,,,,,,,,,faux windows,Campaign Negative Phrase,,,,,,,,,,,,,,,,,,,,,,,,
TML | Search | Competitor,,,,,,,,,,,,storage unit,Campaign Negative Phrase,,,,,,,,,,,,,,,,,,,,,,,,
TML | Search | Competitor,,,,,,,,,,,,storage units,Campaign Negative Phrase,,,,,,,,,,,,,,,,,,,,,,,,
TML | Search | Competitor,,,,,,,,,,,,self storage,Campaign Negative Phrase,,,,,,,,,,,,,,,,,,,,,,,,
TML | Search | Competitor,,,,,,,,,,,,garage sale,Campaign Negative Phrase,,,,,,,,,,,,,,,,,,,,,,,,
TML | Search | Competitor,,,,,,,,,,,,garage band,Campaign Negative Phrase,,,,,,,,,,,,,,,,,,,,,,,,
TML | Search | Competitor,,,,,,,,,,,,parking garage,Campaign Negative Phrase,,,,,,,,,,,,,,,,,,,,,,,,
TML | Search | Competitor,,,,,,,,,,,,garage floor,Campaign Negative Phrase,,,,,,,,,,,,,,,,,,,,,,,,
TML | Search | Competitor,,,,,,,,,,,,epoxy,Campaign Negative Phrase,,,,,,,,,,,,,,,,,,,,,,,,
TML | Search | Competitor,,,,,,,,,,,,flooring,Campaign Negative Phrase,,,,,,,,,,,,,,,,,,,,,,,,
TML | Search | Competitor,,,,,,,,,,,,garage organization,Campaign Negative Phrase,,,,,,,,,,,,,,,,,,,,,,,,
TML | Search | Competitor,,,,,,,,,,,,shelving,Campaign Negative Phrase,,,,,,,,,,,,,,,,,,,,,,,,
TML | Search | Competitor,,,,,,,,,,,,cabinets,Campaign Negative Phrase,,,,,,,,,,,,,,,,,,,,,,,,
TML | Search | Competitor,,,,,,,,,,,,gym,Campaign Negative Phrase,,,,,,,,,,,,,,,,,,,,,,,,
TML | Search | Competitor,,,,,,,,,,,,garage conversion,Campaign Negative Phrase,,,,,,,,,,,,,,,,,,,,,,,,
TML | Search | Competitor,,,,,,,,,,,,adu,Campaign Negative Phrase,,,,,,,,,,,,,,,,,,,,,,,,
TML | Search | Competitor,,,,,,,,,,,,shed,Campaign Negative Phrase,,,,,,,,,,,,,,,,,,,,,,,,
TML | Search | Competitor,,,,,,,,,,,,carport,Campaign Negative Phrase,,,,,,,,,,,,,,,,,,,,,,,,
TML | Search | Competitor,,,,,,,,,,,,rental,Campaign Negative Phrase,,,,,,,,,,,,,,,,,,,,,,,,
TML | Search | Competitor,,,,,,,,,,,,rent,Campaign Negative Phrase,,,,,,,,,,,,,,,,,,,,,,,,
TML | Search | Competitor,,,,,,,,,,,,for rent,Campaign Negative Phrase,,,,,,,,,,,,,,,,,,,,,,,,
TML | Search | Competitor,,,,,,,,,,,,entry door,Campaign Negative Phrase,,,,,,,,,,,,,,,,,,,,,,,,
TML | Search | Competitor,,,,,,,,,,,,front door,Campaign Negative Phrase,,,,,,,,,,,,,,,,,,,,,,,,
TML | Search | Competitor,,,,,,,,,,,,screen door,Campaign Negative Phrase,,,,,,,,,,,,,,,,,,,,,,,,
TML | Search | Competitor,,,,,,,,,,,,storm door,Campaign Negative Phrase,,,,,,,,,,,,,,,,,,,,,,,,
TML | Search | Competitor,,,,,,,,,,,,shower door,Campaign Negative Phrase,,,,,,,,,,,,,,,,,,,,,,,,
TML | Search | Competitor,,,,,,,,,,,,barn door,Campaign Negative Phrase,,,,,,,,,,,,,,,,,,,,,,,,
TML | Search | Competitor,,,,,,,,,,,,pet door,Campaign Negative Phrase,,,,,,,,,,,,,,,,,,,,,,,,
TML | Search | Competitor,,,,,,,,,,,,interior door,Campaign Negative Phrase,,,,,,,,,,,,,,,,,,,,,,,,
TML | Search | Competitor,,,,,,,,,,,,fence,Campaign Negative Phrase,,,,,,,,,,,,,,,,,,,,,,,,
TML | Search | Competitor,,,,,,,,,,,,fencing,Campaign Negative Phrase,,,,,,,,,,,,,,,,,,,,,,,,
TML | Search | Competitor,,,,,,,,,,,,window replacement,Campaign Negative Phrase,,,,,,,,,,,,,,,,,,,,,,,,
TML | Search | Competitor,,,,,,,,,,,,car garage,Campaign Negative Phrase,,,,,,,,,,,,,,,,,,,,,,,,
TML | Search | Competitor,,,,,,,,,,,,meaning,Campaign Negative Phrase,,,,,,,,,,,,,,,,,,,,,,,,
TML | Search | Competitor,,,,,,,,,,,,definition,Campaign Negative Phrase,,,,,,,,,,,,,,,,,,,,,,,,
TML | Search | Competitor,,,,,,,,,,,,wikipedia,Campaign Negative Phrase,,,,,,,,,,,,,,,,,,,,,,,,
TML | Search | Competitor,,,,,,,,,,,,reddit,Campaign Negative Phrase,,,,,,,,,,,,,,,,,,,,,,,,
TML | Search | Competitor,,,,,,,,,,,,forum,Campaign Negative Phrase,,,,,,,,,,,,,,,,,,,,,,,,
TML | Search | Competitor,,,,,,,,,,,,what is,Campaign Negative Phrase,,,,,,,,,,,,,,,,,,,,,,,,
TML | Search | Competitor,,,,,,,,,,,,why does,Campaign Negative Phrase,,,,,,,,,,,,,,,,,,,,,,,,
TML | Search | Competitor,,,,,,,,,,,,complaints,Campaign Negative Phrase,,,,,,,,,,,,,,,,,,,,,,,,
TML | Search | Competitor,,,,,,,,,,,,scam,Campaign Negative Phrase,,,,,,,,,,,,,,,,,,,,,,,,
TML | Search | Competitor,,,,,,,,,,,,lawsuit,Campaign Negative Phrase,,,,,,,,,,,,,,,,,,,,,,,,
TML | Search | Competitor,,,,,,,,,,,,attorney,Campaign Negative Phrase,,,,,,,,,,,,,,,,,,,,,,,,
TML | Search | Competitor,,,,,,,,,,,,lawyer,Campaign Negative Phrase,,,,,,,,,,,,,,,,,,,,,,,,
TML | Search | Competitor,,,,,,,,,,,,class action,Campaign Negative Phrase,,,,,,,,,,,,,,,,,,,,,,,,
TML | Search | Competitor,,,,,,,,,,,,recall,Campaign Negative Phrase,,,,,,,,,,,,,,,,,,,,,,,,
TML | Search | Competitor,,,,,,,,,,,,warranty claim,Campaign Negative Phrase,,,,,,,,,,,,,,,,,,,,,,,,
TML | Search | Competitor,,,,,,,,,,,,insurance claim,Campaign Negative Phrase,,,,,,,,,,,,,,,,,,,,,,,,
TML | Search | Competitor,,,,,,,,,,,,franchise,Campaign Negative Phrase,,,,,,,,,,,,,,,,,,,,,,,,
TML | Search | Competitor,,,,,,,,,,,,franchises,Campaign Negative Phrase,,,,,,,,,,,,,,,,,,,,,,,,
TML | Search | Competitor,,,,,,,,,,,,business for sale,Campaign Negative Phrase,,,,,,,,,,,,,,,,,,,,,,,,
TML | Search | Competitor,,,,,,,,,,,,start a business,Campaign Negative Phrase,,,,,,,,,,,,,,,,,,,,,,,,
TML | Search | Competitor,,,,,,,,,,,,dealer application,Campaign Negative Phrase,,,,,,,,,,,,,,,,,,,,,,,,
TML | Search | Competitor,,,,,,,,,,,,become a dealer,Campaign Negative Phrase,,,,,,,,,,,,,,,,,,,,,,,,
TML | Search | Competitor,,,,,,,,,,,,manufacturer,Campaign Negative Phrase,,,,,,,,,,,,,,,,,,,,,,,,
TML | Search | Competitor,,,,,,,,,,,,factory,Campaign Negative Phrase,,,,,,,,,,,,,,,,,,,,,,,,
TML | Search | Competitor,,,,,,,,,,,,dallas,Campaign Negative Phrase,,,,,,,,,,,,,,,,,,,,,,,,
TML | Search | Competitor,,,,,,,,,,,,fort worth,Campaign Negative Phrase,,,,,,,,,,,,,,,,,,,,,,,,
TML | Search | Competitor,,,,,,,,,,,,austin,Campaign Negative Phrase,,,,,,,,,,,,,,,,,,,,,,,,
TML | Search | Competitor,,,,,,,,,,,,san antonio,Campaign Negative Phrase,,,,,,,,,,,,,,,,,,,,,,,,
TML | Search | Competitor,,,,,,,,,,,,el paso,Campaign Negative Phrase,,,,,,,,,,,,,,,,,,,,,,,,
TML | Search | Competitor,,,,,,,,,,,,lubbock,Campaign Negative Phrase,,,,,,,,,,,,,,,,,,,,,,,,
TML | Search | Competitor,,,,,,,,,,,,amarillo,Campaign Negative Phrase,,,,,,,,,,,,,,,,,,,,,,,,
TML | Search | Competitor,,,,,,,,,,,,corpus christi,Campaign Negative Phrase,,,,,,,,,,,,,,,,,,,,,,,,
TML | Search | Competitor,,,,,,,,,,,,galveston,Campaign Negative Phrase,,,,,,,,,,,,,,,,,,,,,,,,
TML | Search | Competitor,,,,,,,,,,,,beaumont,Campaign Negative Phrase,,,,,,,,,,,,,,,,,,,,,,,,
TML | Search | Competitor,,,,,,,,,,,,college station,Campaign Negative Phrase,,,,,,,,,,,,,,,,,,,,,,,,
TML | Search | Competitor,,,,,,,,,,,,waco,Campaign Negative Phrase,,,,,,,,,,,,,,,,,,,,,,,,
TML | Search | Competitor,,,,,,,,,,,,tyler,Campaign Negative Phrase,,,,,,,,,,,,,,,,,,,,,,,,
TML | Search | Competitor,,,,,,,,,,,,killeen,Campaign Negative Phrase,,,,,,,,,,,,,,,,,,,,,,,,
TML | Search | Competitor,,,,,,,,,,,,midland,Campaign Negative Phrase,,,,,,,,,,,,,,,,,,,,,,,,
TML | Search | Competitor,,,,,,,,,,,,odessa,Campaign Negative Phrase,,,,,,,,,,,,,,,,,,,,,,,,
TML | Search | Competitor,,,,,,,,,,,,oklahoma,Campaign Negative Phrase,,,,,,,,,,,,,,,,,,,,,,,,
TML | Search | Competitor,,,,,,,,,,,,louisiana,Campaign Negative Phrase,,,,,,,,,,,,,,,,,,,,,,,,
TML | Search | Competitor,,,,,,,,,,,,florida,Campaign Negative Phrase,,,,,,,,,,,,,,,,,,,,,,,,
TML | Search | Competitor,,,,,,,,,,,,california,Campaign Negative Phrase,,,,,,,,,,,,,,,,,,,,,,,,
TML | Search | Competitor,,,,,,,,,,,,arizona,Campaign Negative Phrase,,,,,,,,,,,,,,,,,,,,,,,,
TML | Search | Brand,,,,,,,,,,,,diy,Campaign Negative Phrase,,,,,,,,,,,,,,,,,,,,,,,,
TML | Search | Brand,,,,,,,,,,,,do it yourself,Campaign Negative Phrase,,,,,,,,,,,,,,,,,,,,,,,,
TML | Search | Brand,,,,,,,,,,,,how to,Campaign Negative Phrase,,,,,,,,,,,,,,,,,,,,,,,,
TML | Search | Brand,,,,,,,,,,,,how do i,Campaign Negative Phrase,,,,,,,,,,,,,,,,,,,,,,,,
TML | Search | Brand,,,,,,,,,,,,how can i,Campaign Negative Phrase,,,,,,,,,,,,,,,,,,,,,,,,
TML | Search | Brand,,,,,,,,,,,,fix it myself,Campaign Negative Phrase,,,,,,,,,,,,,,,,,,,,,,,,
TML | Search | Brand,,,,,,,,,,,,fix myself,Campaign Negative Phrase,,,,,,,,,,,,,,,,,,,,,,,,
TML | Search | Brand,,,,,,,,,,,,repair myself,Campaign Negative Phrase,,,,,,,,,,,,,,,,,,,,,,,,
TML | Search | Brand,,,,,,,,,,,,tutorial,Campaign Negative Phrase,,,,,,,,,,,,,,,,,,,,,,,,
TML | Search | Brand,,,,,,,,,,,,youtube,Campaign Negative Phrase,,,,,,,,,,,,,,,,,,,,,,,,
TML | Search | Brand,,,,,,,,,,,,video,Campaign Negative Phrase,,,,,,,,,,,,,,,,,,,,,,,,
TML | Search | Brand,,,,,,,,,,,,instructions,Campaign Negative Phrase,,,,,,,,,,,,,,,,,,,,,,,,
TML | Search | Brand,,,,,,,,,,,,manual,Campaign Negative Phrase,,,,,,,,,,,,,,,,,,,,,,,,
TML | Search | Brand,,,,,,,,,,,,step by step,Campaign Negative Phrase,,,,,,,,,,,,,,,,,,,,,,,,
TML | Search | Brand,,,,,,,,,,,,homemade,Campaign Negative Phrase,,,,,,,,,,,,,,,,,,,,,,,,
TML | Search | Brand,,,,,,,,,,,,troubleshoot,Campaign Negative Phrase,,,,,,,,,,,,,,,,,,,,,,,,
TML | Search | Brand,,,,,,,,,,,,troubleshooting,Campaign Negative Phrase,,,,,,,,,,,,,,,,,,,,,,,,
TML | Search | Brand,,,,,,,,,,,,reset code,Campaign Negative Phrase,,,,,,,,,,,,,,,,,,,,,,,,
TML | Search | Brand,,,,,,,,,,,,program remote,Campaign Negative Phrase,,,,,,,,,,,,,,,,,,,,,,,,
TML | Search | Brand,,,,,,,,,,,,programming,Campaign Negative Phrase,,,,,,,,,,,,,,,,,,,,,,,,
TML | Search | Brand,,,,,,,,,,,,reprogram,Campaign Negative Phrase,,,,,,,,,,,,,,,,,,,,,,,,
TML | Search | Brand,,,,,,,,,,,,myq setup,Campaign Negative Phrase,,,,,,,,,,,,,,,,,,,,,,,,
TML | Search | Brand,,,,,,,,,,,,job,Campaign Negative Phrase,,,,,,,,,,,,,,,,,,,,,,,,
TML | Search | Brand,,,,,,,,,,,,jobs,Campaign Negative Phrase,,,,,,,,,,,,,,,,,,,,,,,,
TML | Search | Brand,,,,,,,,,,,,career,Campaign Negative Phrase,,,,,,,,,,,,,,,,,,,,,,,,
TML | Search | Brand,,,,,,,,,,,,careers,Campaign Negative Phrase,,,,,,,,,,,,,,,,,,,,,,,,
TML | Search | Brand,,,,,,,,,,,,hiring,Campaign Negative Phrase,,,,,,,,,,,,,,,,,,,,,,,,
TML | Search | Brand,,,,,,,,,,,,salary,Campaign Negative Phrase,,,,,,,,,,,,,,,,,,,,,,,,
TML | Search | Brand,,,,,,,,,,,,salaries,Campaign Negative Phrase,,,,,,,,,,,,,,,,,,,,,,,,
TML | Search | Brand,,,,,,,,,,,,wage,Campaign Negative Phrase,,,,,,,,,,,,,,,,,,,,,,,,
TML | Search | Brand,,,,,,,,,,,,wages,Campaign Negative Phrase,,,,,,,,,,,,,,,,,,,,,,,,
TML | Search | Brand,,,,,,,,,,,,employment,Campaign Negative Phrase,,,,,,,,,,,,,,,,,,,,,,,,
TML | Search | Brand,,,,,,,,,,,,apprentice,Campaign Negative Phrase,,,,,,,,,,,,,,,,,,,,,,,,
TML | Search | Brand,,,,,,,,,,,,apprenticeship,Campaign Negative Phrase,,,,,,,,,,,,,,,,,,,,,,,,
TML | Search | Brand,,,,,,,,,,,,training,Campaign Negative Phrase,,,,,,,,,,,,,,,,,,,,,,,,
TML | Search | Brand,,,,,,,,,,,,school,Campaign Negative Phrase,,,,,,,,,,,,,,,,,,,,,,,,
TML | Search | Brand,,,,,,,,,,,,certification,Campaign Negative Phrase,,,,,,,,,,,,,,,,,,,,,,,,
TML | Search | Brand,,,,,,,,,,,,course,Campaign Negative Phrase,,,,,,,,,,,,,,,,,,,,,,,,
TML | Search | Brand,,,,,,,,,,,,classes,Campaign Negative Phrase,,,,,,,,,,,,,,,,,,,,,,,,
TML | Search | Brand,,,,,,,,,,,,resume,Campaign Negative Phrase,,,,,,,,,,,,,,,,,,,,,,,,
TML | Search | Brand,,,,,,,,,,,,vacancy,Campaign Negative Phrase,,,,,,,,,,,,,,,,,,,,,,,,
TML | Search | Brand,,,,,,,,,,,,recruiter,Campaign Negative Phrase,,,,,,,,,,,,,,,,,,,,,,,,
TML | Search | Brand,,,,,,,,,,,,union,Campaign Negative Phrase,,,,,,,,,,,,,,,,,,,,,,,,
TML | Search | Brand,,,,,,,,,,,,how much do they make,Campaign Negative Phrase,,,,,,,,,,,,,,,,,,,,,,,,
TML | Search | Brand,,,,,,,,,,,,parts,Campaign Negative Phrase,,,,,,,,,,,,,,,,,,,,,,,,
TML | Search | Brand,,,,,,,,,,,,home depot,Campaign Negative Phrase,,,,,,,,,,,,,,,,,,,,,,,,
TML | Search | Brand,,,,,,,,,,,,lowes,Campaign Negative Phrase,,,,,,,,,,,,,,,,,,,,,,,,
TML | Search | Brand,,,,,,,,,,,,lowe's,Campaign Negative Phrase,,,,,,,,,,,,,,,,,,,,,,,,
TML | Search | Brand,,,,,,,,,,,,amazon,Campaign Negative Phrase,,,,,,,,,,,,,,,,,,,,,,,,
TML | Search | Brand,,,,,,,,,,,,menards,Campaign Negative Phrase,,,,,,,,,,,,,,,,,,,,,,,,
TML | Search | Brand,,,,,,,,,,,,costco,Campaign Negative Phrase,,,,,,,,,,,,,,,,,,,,,,,,
TML | Search | Brand,,,,,,,,,,,,walmart,Campaign Negative Phrase,,,,,,,,,,,,,,,,,,,,,,,,
TML | Search | Brand,,,,,,,,,,,,ebay,Campaign Negative Phrase,,,,,,,,,,,,,,,,,,,,,,,,
TML | Search | Brand,,,,,,,,,,,,harbor freight,Campaign Negative Phrase,,,,,,,,,,,,,,,,,,,,,,,,
TML | Search | Brand,,,,,,,,,,,,wholesale,Campaign Negative Phrase,,,,,,,,,,,,,,,,,,,,,,,,
TML | Search | Brand,,,,,,,,,,,,supplier,Campaign Negative Phrase,,,,,,,,,,,,,,,,,,,,,,,,
TML | Search | Brand,,,,,,,,,,,,supply,Campaign Negative Phrase,,,,,,,,,,,,,,,,,,,,,,,,
TML | Search | Brand,,,,,,,,,,,,distributor,Campaign Negative Phrase,,,,,,,,,,,,,,,,,,,,,,,,
TML | Search | Brand,,,,,,,,,,,,buy online,Campaign Negative Phrase,,,,,,,,,,,,,,,,,,,,,,,,
TML | Search | Brand,,,,,,,,,,,,for sale,Campaign Negative Phrase,,,,,,,,,,,,,,,,,,,,,,,,
TML | Search | Brand,,,,,,,,,,,,kit,Campaign Negative Phrase,,,,,,,,,,,,,,,,,,,,,,,,
TML | Search | Brand,,,,,,,,,,,,kits,Campaign Negative Phrase,,,,,,,,,,,,,,,,,,,,,,,,
TML | Search | Brand,,,,,,,,,,,,replacement parts,Campaign Negative Phrase,,,,,,,,,,,,,,,,,,,,,,,,
TML | Search | Brand,,,,,,,,,,,,remote battery,Campaign Negative Phrase,,,,,,,,,,,,,,,,,,,,,,,,
TML | Search | Brand,,,,,,,,,,,,battery,Campaign Negative Phrase,,,,,,,,,,,,,,,,,,,,,,,,
TML | Search | Brand,,,,,,,,,,,,batteries,Campaign Negative Phrase,,,,,,,,,,,,,,,,,,,,,,,,
TML | Search | Brand,,,,,,,,,,,,struts,Campaign Negative Phrase,,,,,,,,,,,,,,,,,,,,,,,,
TML | Search | Brand,,,,,,,,,,,,brackets,Campaign Negative Phrase,,,,,,,,,,,,,,,,,,,,,,,,
TML | Search | Brand,,,,,,,,,,,,used,Campaign Negative Phrase,,,,,,,,,,,,,,,,,,,,,,,,
TML | Search | Brand,,,,,,,,,,,,second hand,Campaign Negative Phrase,,,,,,,,,,,,,,,,,,,,,,,,
TML | Search | Brand,,,,,,,,,,,,salvage,Campaign Negative Phrase,,,,,,,,,,,,,,,,,,,,,,,,
TML | Search | Brand,,,,,,,,,,,,ideas,Campaign Negative Phrase,,,,,,,,,,,,,,,,,,,,,,,,
TML | Search | Brand,,,,,,,,,,,,design ideas,Campaign Negative Phrase,,,,,,,,,,,,,,,,,,,,,,,,
TML | Search | Brand,,,,,,,,,,,,paint,Campaign Negative Phrase,,,,,,,,,,,,,,,,,,,,,,,,
TML | Search | Brand,,,,,,,,,,,,painting,Campaign Negative Phrase,,,,,,,,,,,,,,,,,,,,,,,,
TML | Search | Brand,,,,,,,,,,,,color,Campaign Negative Phrase,,,,,,,,,,,,,,,,,,,,,,,,
TML | Search | Brand,,,,,,,,,,,,colors,Campaign Negative Phrase,,,,,,,,,,,,,,,,,,,,,,,,
TML | Search | Brand,,,,,,,,,,,,decor,Campaign Negative Phrase,,,,,,,,,,,,,,,,,,,,,,,,
TML | Search | Brand,,,,,,,,,,,,decorating,Campaign Negative Phrase,,,,,,,,,,,,,,,,,,,,,,,,
TML | Search | Brand,,,,,,,,,,,,curtain,Campaign Negative Phrase,,,,,,,,,,,,,,,,,,,,,,,,
TML | Search | Brand,,,,,,,,,,,,curtains,Campaign Negative Phrase,,,,,,,,,,,,,,,,,,,,,,,,
TML | Search | Brand,,,,,,,,,,,,screen,Campaign Negative Phrase,,,,,,,,,,,,,,,,,,,,,,,,
TML | Search | Brand,,,,,,,,,,,,screens,Campaign Negative Phrase,,,,,,,,,,,,,,,,,,,,,,,,
TML | Search | Brand,,,,,,,,,,,,magnets,Campaign Negative Phrase,,,,,,,,,,,,,,,,,,,,,,,,
TML | Search | Brand,,,,,,,,,,,,decals,Campaign Negative Phrase,,,,,,,,,,,,,,,,,,,,,,,,
TML | Search | Brand,,,,,,,,,,,,mural,Campaign Negative Phrase,,,,,,,,,,,,,,,,,,,,,,,,
TML | Search | Brand,,,,,,,,,,,,wrap,Campaign Negative Phrase,,,,,,,,,,,,,,,,,,,,,,,,
TML | Search | Brand,,,,,,,,,,,,sticker,Campaign Negative Phrase,,,,,,,,,,,,,,,,,,,,,,,,
TML | Search | Brand,,,,,,,,,,,,window inserts,Campaign Negative Phrase,,,,,,,,,,,,,,,,,,,,,,,,
TML | Search | Brand,,,,,,,,,,,,decorative,Campaign Negative Phrase,,,,,,,,,,,,,,,,,,,,,,,,
TML | Search | Brand,,,,,,,,,,,,faux windows,Campaign Negative Phrase,,,,,,,,,,,,,,,,,,,,,,,,
TML | Search | Brand,,,,,,,,,,,,storage unit,Campaign Negative Phrase,,,,,,,,,,,,,,,,,,,,,,,,
TML | Search | Brand,,,,,,,,,,,,storage units,Campaign Negative Phrase,,,,,,,,,,,,,,,,,,,,,,,,
TML | Search | Brand,,,,,,,,,,,,self storage,Campaign Negative Phrase,,,,,,,,,,,,,,,,,,,,,,,,
TML | Search | Brand,,,,,,,,,,,,garage sale,Campaign Negative Phrase,,,,,,,,,,,,,,,,,,,,,,,,
TML | Search | Brand,,,,,,,,,,,,garage band,Campaign Negative Phrase,,,,,,,,,,,,,,,,,,,,,,,,
TML | Search | Brand,,,,,,,,,,,,parking garage,Campaign Negative Phrase,,,,,,,,,,,,,,,,,,,,,,,,
TML | Search | Brand,,,,,,,,,,,,garage floor,Campaign Negative Phrase,,,,,,,,,,,,,,,,,,,,,,,,
TML | Search | Brand,,,,,,,,,,,,epoxy,Campaign Negative Phrase,,,,,,,,,,,,,,,,,,,,,,,,
TML | Search | Brand,,,,,,,,,,,,flooring,Campaign Negative Phrase,,,,,,,,,,,,,,,,,,,,,,,,
TML | Search | Brand,,,,,,,,,,,,garage organization,Campaign Negative Phrase,,,,,,,,,,,,,,,,,,,,,,,,
TML | Search | Brand,,,,,,,,,,,,shelving,Campaign Negative Phrase,,,,,,,,,,,,,,,,,,,,,,,,
TML | Search | Brand,,,,,,,,,,,,cabinets,Campaign Negative Phrase,,,,,,,,,,,,,,,,,,,,,,,,
TML | Search | Brand,,,,,,,,,,,,gym,Campaign Negative Phrase,,,,,,,,,,,,,,,,,,,,,,,,
TML | Search | Brand,,,,,,,,,,,,garage conversion,Campaign Negative Phrase,,,,,,,,,,,,,,,,,,,,,,,,
TML | Search | Brand,,,,,,,,,,,,adu,Campaign Negative Phrase,,,,,,,,,,,,,,,,,,,,,,,,
TML | Search | Brand,,,,,,,,,,,,shed,Campaign Negative Phrase,,,,,,,,,,,,,,,,,,,,,,,,
TML | Search | Brand,,,,,,,,,,,,carport,Campaign Negative Phrase,,,,,,,,,,,,,,,,,,,,,,,,
TML | Search | Brand,,,,,,,,,,,,rental,Campaign Negative Phrase,,,,,,,,,,,,,,,,,,,,,,,,
TML | Search | Brand,,,,,,,,,,,,rent,Campaign Negative Phrase,,,,,,,,,,,,,,,,,,,,,,,,
TML | Search | Brand,,,,,,,,,,,,for rent,Campaign Negative Phrase,,,,,,,,,,,,,,,,,,,,,,,,
TML | Search | Brand,,,,,,,,,,,,entry door,Campaign Negative Phrase,,,,,,,,,,,,,,,,,,,,,,,,
TML | Search | Brand,,,,,,,,,,,,front door,Campaign Negative Phrase,,,,,,,,,,,,,,,,,,,,,,,,
TML | Search | Brand,,,,,,,,,,,,screen door,Campaign Negative Phrase,,,,,,,,,,,,,,,,,,,,,,,,
TML | Search | Brand,,,,,,,,,,,,storm door,Campaign Negative Phrase,,,,,,,,,,,,,,,,,,,,,,,,
TML | Search | Brand,,,,,,,,,,,,shower door,Campaign Negative Phrase,,,,,,,,,,,,,,,,,,,,,,,,
TML | Search | Brand,,,,,,,,,,,,barn door,Campaign Negative Phrase,,,,,,,,,,,,,,,,,,,,,,,,
TML | Search | Brand,,,,,,,,,,,,pet door,Campaign Negative Phrase,,,,,,,,,,,,,,,,,,,,,,,,
TML | Search | Brand,,,,,,,,,,,,interior door,Campaign Negative Phrase,,,,,,,,,,,,,,,,,,,,,,,,
TML | Search | Brand,,,,,,,,,,,,fence,Campaign Negative Phrase,,,,,,,,,,,,,,,,,,,,,,,,
TML | Search | Brand,,,,,,,,,,,,fencing,Campaign Negative Phrase,,,,,,,,,,,,,,,,,,,,,,,,
TML | Search | Brand,,,,,,,,,,,,window replacement,Campaign Negative Phrase,,,,,,,,,,,,,,,,,,,,,,,,
TML | Search | Brand,,,,,,,,,,,,car garage,Campaign Negative Phrase,,,,,,,,,,,,,,,,,,,,,,,,
TML | Search | Brand,,,,,,,,,,,,meaning,Campaign Negative Phrase,,,,,,,,,,,,,,,,,,,,,,,,
TML | Search | Brand,,,,,,,,,,,,definition,Campaign Negative Phrase,,,,,,,,,,,,,,,,,,,,,,,,
TML | Search | Brand,,,,,,,,,,,,wikipedia,Campaign Negative Phrase,,,,,,,,,,,,,,,,,,,,,,,,
TML | Search | Brand,,,,,,,,,,,,reddit,Campaign Negative Phrase,,,,,,,,,,,,,,,,,,,,,,,,
TML | Search | Brand,,,,,,,,,,,,forum,Campaign Negative Phrase,,,,,,,,,,,,,,,,,,,,,,,,
TML | Search | Brand,,,,,,,,,,,,what is,Campaign Negative Phrase,,,,,,,,,,,,,,,,,,,,,,,,
TML | Search | Brand,,,,,,,,,,,,why does,Campaign Negative Phrase,,,,,,,,,,,,,,,,,,,,,,,,
TML | Search | Brand,,,,,,,,,,,,complaints,Campaign Negative Phrase,,,,,,,,,,,,,,,,,,,,,,,,
TML | Search | Brand,,,,,,,,,,,,scam,Campaign Negative Phrase,,,,,,,,,,,,,,,,,,,,,,,,
TML | Search | Brand,,,,,,,,,,,,lawsuit,Campaign Negative Phrase,,,,,,,,,,,,,,,,,,,,,,,,
TML | Search | Brand,,,,,,,,,,,,attorney,Campaign Negative Phrase,,,,,,,,,,,,,,,,,,,,,,,,
TML | Search | Brand,,,,,,,,,,,,lawyer,Campaign Negative Phrase,,,,,,,,,,,,,,,,,,,,,,,,
TML | Search | Brand,,,,,,,,,,,,class action,Campaign Negative Phrase,,,,,,,,,,,,,,,,,,,,,,,,
TML | Search | Brand,,,,,,,,,,,,recall,Campaign Negative Phrase,,,,,,,,,,,,,,,,,,,,,,,,
TML | Search | Brand,,,,,,,,,,,,warranty claim,Campaign Negative Phrase,,,,,,,,,,,,,,,,,,,,,,,,
TML | Search | Brand,,,,,,,,,,,,insurance claim,Campaign Negative Phrase,,,,,,,,,,,,,,,,,,,,,,,,
TML | Search | Brand,,,,,,,,,,,,franchise,Campaign Negative Phrase,,,,,,,,,,,,,,,,,,,,,,,,
TML | Search | Brand,,,,,,,,,,,,franchises,Campaign Negative Phrase,,,,,,,,,,,,,,,,,,,,,,,,
TML | Search | Brand,,,,,,,,,,,,business for sale,Campaign Negative Phrase,,,,,,,,,,,,,,,,,,,,,,,,
TML | Search | Brand,,,,,,,,,,,,start a business,Campaign Negative Phrase,,,,,,,,,,,,,,,,,,,,,,,,
TML | Search | Brand,,,,,,,,,,,,dealer application,Campaign Negative Phrase,,,,,,,,,,,,,,,,,,,,,,,,
TML | Search | Brand,,,,,,,,,,,,become a dealer,Campaign Negative Phrase,,,,,,,,,,,,,,,,,,,,,,,,
TML | Search | Brand,,,,,,,,,,,,manufacturer,Campaign Negative Phrase,,,,,,,,,,,,,,,,,,,,,,,,
TML | Search | Brand,,,,,,,,,,,,factory,Campaign Negative Phrase,,,,,,,,,,,,,,,,,,,,,,,,
TML | Search | Brand,,,,,,,,,,,,dallas,Campaign Negative Phrase,,,,,,,,,,,,,,,,,,,,,,,,
TML | Search | Brand,,,,,,,,,,,,fort worth,Campaign Negative Phrase,,,,,,,,,,,,,,,,,,,,,,,,
TML | Search | Brand,,,,,,,,,,,,austin,Campaign Negative Phrase,,,,,,,,,,,,,,,,,,,,,,,,
TML | Search | Brand,,,,,,,,,,,,san antonio,Campaign Negative Phrase,,,,,,,,,,,,,,,,,,,,,,,,
TML | Search | Brand,,,,,,,,,,,,el paso,Campaign Negative Phrase,,,,,,,,,,,,,,,,,,,,,,,,
TML | Search | Brand,,,,,,,,,,,,lubbock,Campaign Negative Phrase,,,,,,,,,,,,,,,,,,,,,,,,
TML | Search | Brand,,,,,,,,,,,,amarillo,Campaign Negative Phrase,,,,,,,,,,,,,,,,,,,,,,,,
TML | Search | Brand,,,,,,,,,,,,corpus christi,Campaign Negative Phrase,,,,,,,,,,,,,,,,,,,,,,,,
TML | Search | Brand,,,,,,,,,,,,galveston,Campaign Negative Phrase,,,,,,,,,,,,,,,,,,,,,,,,
TML | Search | Brand,,,,,,,,,,,,beaumont,Campaign Negative Phrase,,,,,,,,,,,,,,,,,,,,,,,,
TML | Search | Brand,,,,,,,,,,,,college station,Campaign Negative Phrase,,,,,,,,,,,,,,,,,,,,,,,,
TML | Search | Brand,,,,,,,,,,,,waco,Campaign Negative Phrase,,,,,,,,,,,,,,,,,,,,,,,,
TML | Search | Brand,,,,,,,,,,,,tyler,Campaign Negative Phrase,,,,,,,,,,,,,,,,,,,,,,,,
TML | Search | Brand,,,,,,,,,,,,killeen,Campaign Negative Phrase,,,,,,,,,,,,,,,,,,,,,,,,
TML | Search | Brand,,,,,,,,,,,,midland,Campaign Negative Phrase,,,,,,,,,,,,,,,,,,,,,,,,
TML | Search | Brand,,,,,,,,,,,,odessa,Campaign Negative Phrase,,,,,,,,,,,,,,,,,,,,,,,,
TML | Search | Brand,,,,,,,,,,,,oklahoma,Campaign Negative Phrase,,,,,,,,,,,,,,,,,,,,,,,,
TML | Search | Brand,,,,,,,,,,,,louisiana,Campaign Negative Phrase,,,,,,,,,,,,,,,,,,,,,,,,
TML | Search | Brand,,,,,,,,,,,,florida,Campaign Negative Phrase,,,,,,,,,,,,,,,,,,,,,,,,
TML | Search | Brand,,,,,,,,,,,,california,Campaign Negative Phrase,,,,,,,,,,,,,,,,,,,,,,,,
TML | Search | Brand,,,,,,,,,,,,arizona,Campaign Negative Phrase,,,,,,,,,,,,,,,,,,,,,,,,
TML | Search | Install & Replace,,,,,,,,,,,,won't open,Campaign Negative Phrase,,,,,,,,,,,,,,,,,,,,,,,,
TML | Search | Install & Replace,,,,,,,,,,,,wont open,Campaign Negative Phrase,,,,,,,,,,,,,,,,,,,,,,,,
TML | Search | Install & Replace,,,,,,,,,,,,off track,Campaign Negative Phrase,,,,,,,,,,,,,,,,,,,,,,,,
TML | Search | Install & Replace,,,,,,,,,,,,broken spring,Campaign Negative Phrase,,,,,,,,,,,,,,,,,,,,,,,,
TML | Search | Install & Replace,,,,,,,,,,,,emergency,Campaign Negative Phrase,,,,,,,,,,,,,,,,,,,,,,,,
TML | Search | Install & Replace,,,,,,,,,,,,same day,Campaign Negative Phrase,,,,,,,,,,,,,,,,,,,,,,,,
TML | Search | Head Terms,,,,,,,,,,,,installation,Campaign Negative Phrase,,,,,,,,,,,,,,,,,,,,,,,,
TML | Search | Head Terms,,,,,,,,,,,,sensor,Campaign Negative Phrase,,,,,,,,,,,,,,,,,,,,,,,,
TML | Search | Head Terms,,,,,,,,,,,,panel replacement,Campaign Negative Phrase,,,,,,,,,,,,,,,,,,,,,,,,
TML | Search | Head Terms,,,,,,,,,,,,roller replacement,Campaign Negative Phrase,,,,,,,,,,,,,,,,,,,,,,,,
TML | Search | Head Terms,,,,,,,,,,,,cable replacement,Campaign Negative Phrase,,,,,,,,,,,,,,,,,,,,,,,,
TML | Search | Head Terms,,,,,,,,,,,,torsion spring replacement,Campaign Negative Phrase,,,,,,,,,,,,,,,,,,,,,,,,
TML | Search | Head Terms,,,,,,,,,,,,hinge,Campaign Negative Phrase,,,,,,,,,,,,,,,,,,,,,,,,
TML | Search | Head Terms,,,,,,,,,,,,bottom seal,Campaign Negative Phrase,,,,,,,,,,,,,,,,,,,,,,,,
TML | Search | Components & Symptoms,,,,,,,,,Sensors & Safety,,6.00,garage door sensor repair,Exact,,Enabled,,,,,,,,,,,,,,,,,,,,,,https://www.tmlgarageservices.com/our-services/garage-door-opener-installation
TML | Search | Components & Symptoms,,,,,,,,,Sensors & Safety,,4.80,garage door sensor repair,Phrase,,Enabled,,,,,,,,,,,,,,,,,,,,,,https://www.tmlgarageservices.com/our-services/garage-door-opener-installation
TML | Search | Components & Symptoms,,,,,,,,,Sensors & Safety,,6.00,fix garage door sensor,Exact,,Enabled,,,,,,,,,,,,,,,,,,,,,,https://www.tmlgarageservices.com/our-services/garage-door-opener-installation
TML | Search | Components & Symptoms,,,,,,,,,Sensors & Safety,,4.80,fix garage door sensor,Phrase,,Enabled,,,,,,,,,,,,,,,,,,,,,,https://www.tmlgarageservices.com/our-services/garage-door-opener-installation
TML | Search | Components & Symptoms,,,,,,,,,Sensors & Safety,,6.00,garage door sensor replacement,Exact,,Enabled,,,,,,,,,,,,,,,,,,,,,,https://www.tmlgarageservices.com/our-services/garage-door-opener-installation
TML | Search | Components & Symptoms,,,,,,,,,Sensors & Safety,,4.80,garage door sensor replacement,Phrase,,Enabled,,,,,,,,,,,,,,,,,,,,,,https://www.tmlgarageservices.com/our-services/garage-door-opener-installation
TML | Search | Components & Symptoms,,,,,,,,,Sensors & Safety,,6.00,garage door safety sensor replacement,Exact,,Enabled,,,,,,,,,,,,,,,,,,,,,,https://www.tmlgarageservices.com/our-services/garage-door-opener-installation
TML | Search | Components & Symptoms,,,,,,,,,Sensors & Safety,,4.80,garage door safety sensor replacement,Phrase,,Enabled,,,,,,,,,,,,,,,,,,,,,,https://www.tmlgarageservices.com/our-services/garage-door-opener-installation
TML | Search | Components & Symptoms,,,,,,,,,Springs & Cables,,8.00,garage door torsion spring replacement,Exact,,Enabled,,,,,,,,,,,,,,,,,,,,,,https://www.tmlgarageservices.com/our-services/garage-door-spring-replacement
TML | Search | Components & Symptoms,,,,,,,,,Springs & Cables,,6.40,garage door torsion spring replacement,Phrase,,Enabled,,,,,,,,,,,,,,,,,,,,,,https://www.tmlgarageservices.com/our-services/garage-door-spring-replacement
TML | Search | Components & Symptoms,,,,,,,,,Springs & Cables,,8.00,garage torsion spring replacement,Exact,,Enabled,,,,,,,,,,,,,,,,,,,,,,https://www.tmlgarageservices.com/our-services/garage-door-spring-replacement
TML | Search | Components & Symptoms,,,,,,,,,Springs & Cables,,6.40,garage torsion spring replacement,Phrase,,Enabled,,,,,,,,,,,,,,,,,,,,,,https://www.tmlgarageservices.com/our-services/garage-door-spring-replacement
TML | Search | Components & Symptoms,,,,,,,,,Springs & Cables,,8.00,overhead door torsion spring replacement,Exact,,Enabled,,,,,,,,,,,,,,,,,,,,,,https://www.tmlgarageservices.com/our-services/garage-door-spring-replacement
TML | Search | Components & Symptoms,,,,,,,,,Springs & Cables,,6.40,overhead door torsion spring replacement,Phrase,,Enabled,,,,,,,,,,,,,,,,,,,,,,https://www.tmlgarageservices.com/our-services/garage-door-spring-replacement
TML | Search | Components & Symptoms,,,,,,,,,Springs & Cables,,8.00,garage door cable replacement,Exact,,Enabled,,,,,,,,,,,,,,,,,,,,,,https://www.tmlgarageservices.com/our-services/garage-door-spring-replacement
TML | Search | Components & Symptoms,,,,,,,,,Springs & Cables,,6.40,garage door cable replacement,Phrase,,Enabled,,,,,,,,,,,,,,,,,,,,,,https://www.tmlgarageservices.com/our-services/garage-door-spring-replacement
TML | Search | Components & Symptoms,,,,,,,,,Springs & Cables,,8.00,overhead door cable replacement,Exact,,Enabled,,,,,,,,,,,,,,,,,,,,,,https://www.tmlgarageservices.com/our-services/garage-door-spring-replacement
TML | Search | Components & Symptoms,,,,,,,,,Springs & Cables,,6.40,overhead door cable replacement,Phrase,,Enabled,,,,,,,,,,,,,,,,,,,,,,https://www.tmlgarageservices.com/our-services/garage-door-spring-replacement
TML | Search | Components & Symptoms,,,,,,,,,Springs & Cables,,8.00,garage door wire replacement,Exact,,Enabled,,,,,,,,,,,,,,,,,,,,,,https://www.tmlgarageservices.com/our-services/garage-door-spring-replacement
TML | Search | Components & Symptoms,,,,,,,,,Springs & Cables,,6.40,garage door wire replacement,Phrase,,Enabled,,,,,,,,,,,,,,,,,,,,,,https://www.tmlgarageservices.com/our-services/garage-door-spring-replacement
TML | Search | Components & Symptoms,,,,,,,,,Springs & Cables,,8.00,garage door cable repair,Exact,,Enabled,,,,,,,,,,,,,,,,,,,,,,https://www.tmlgarageservices.com/our-services/garage-door-spring-replacement
TML | Search | Components & Symptoms,,,,,,,,,Springs & Cables,,6.40,garage door cable repair,Phrase,,Enabled,,,,,,,,,,,,,,,,,,,,,,https://www.tmlgarageservices.com/our-services/garage-door-spring-replacement
TML | Search | Components & Symptoms,,,,,,,,,Springs & Cables,,8.00,garage door cable off drum,Exact,,Enabled,,,,,,,,,,,,,,,,,,,,,,https://www.tmlgarageservices.com/our-services/garage-door-spring-replacement
TML | Search | Components & Symptoms,,,,,,,,,Springs & Cables,,6.40,garage door cable off drum,Phrase,,Enabled,,,,,,,,,,,,,,,,,,,,,,https://www.tmlgarageservices.com/our-services/garage-door-spring-replacement
TML | Search | Components & Symptoms,,,,,,,,,Rollers Tracks Panels,,9.00,garage door roller replacement,Exact,,Enabled,,,,,,,,,,,,,,,,,,,,,,https://www.tmlgarageservices.com/services
TML | Search | Components & Symptoms,,,,,,,,,Rollers Tracks Panels,,7.20,garage door roller replacement,Phrase,,Enabled,,,,,,,,,,,,,,,,,,,,,,https://www.tmlgarageservices.com/services
TML | Search | Components & Symptoms,,,,,,,,,Rollers Tracks Panels,,9.00,garage door panel replacement,Exact,,Enabled,,,,,,,,,,,,,,,,,,,,,,https://www.tmlgarageservices.com/services
TML | Search | Components & Symptoms,,,,,,,,,Rollers Tracks Panels,,7.20,garage door panel replacement,Phrase,,Enabled,,,,,,,,,,,,,,,,,,,,,,https://www.tmlgarageservices.com/services
TML | Search | Components & Symptoms,,,,,,,,,Rollers Tracks Panels,,9.00,garage door track replacement,Exact,,Enabled,,,,,,,,,,,,,,,,,,,,,,https://www.tmlgarageservices.com/services
TML | Search | Components & Symptoms,,,,,,,,,Rollers Tracks Panels,,7.20,garage door track replacement,Phrase,,Enabled,,,,,,,,,,,,,,,,,,,,,,https://www.tmlgarageservices.com/services
TML | Search | Components & Symptoms,,,,,,,,,Rollers Tracks Panels,,9.00,garage door track repair,Exact,,Enabled,,,,,,,,,,,,,,,,,,,,,,https://www.tmlgarageservices.com/services
TML | Search | Components & Symptoms,,,,,,,,,Rollers Tracks Panels,,7.20,garage door track repair,Phrase,,Enabled,,,,,,,,,,,,,,,,,,,,,,https://www.tmlgarageservices.com/services
TML | Search | Components & Symptoms,,,,,,,,,Rollers Tracks Panels,,9.00,garage door hinge replacement,Exact,,Enabled,,,,,,,,,,,,,,,,,,,,,,https://www.tmlgarageservices.com/services
TML | Search | Components & Symptoms,,,,,,,,,Rollers Tracks Panels,,7.20,garage door hinge replacement,Phrase,,Enabled,,,,,,,,,,,,,,,,,,,,,,https://www.tmlgarageservices.com/services
TML | Search | Components & Symptoms,,,,,,,,,Rollers Tracks Panels,,9.00,garage door hinge repair,Exact,,Enabled,,,,,,,,,,,,,,,,,,,,,,https://www.tmlgarageservices.com/services
TML | Search | Components & Symptoms,,,,,,,,,Rollers Tracks Panels,,7.20,garage door hinge repair,Phrase,,Enabled,,,,,,,,,,,,,,,,,,,,,,https://www.tmlgarageservices.com/services
TML | Search | Components & Symptoms,,,,,,,,,Rollers Tracks Panels,,9.00,garage door bottom seal replacement,Exact,,Enabled,,,,,,,,,,,,,,,,,,,,,,https://www.tmlgarageservices.com/services
TML | Search | Components & Symptoms,,,,,,,,,Rollers Tracks Panels,,7.20,garage door bottom seal replacement,Phrase,,Enabled,,,,,,,,,,,,,,,,,,,,,,https://www.tmlgarageservices.com/services
TML | Search | Components & Symptoms,,,,,,,,,Opener Mechanics,,9.00,garage door opener replacement,Exact,,Enabled,,,,,,,,,,,,,,,,,,,,,,https://www.tmlgarageservices.com/our-services/garage-door-opener-installation
TML | Search | Components & Symptoms,,,,,,,,,Opener Mechanics,,7.20,garage door opener replacement,Phrase,,Enabled,,,,,,,,,,,,,,,,,,,,,,https://www.tmlgarageservices.com/our-services/garage-door-opener-installation
TML | Search | Components & Symptoms,,,,,,,,,Opener Mechanics,,9.00,garage door motor replacement,Exact,,Enabled,,,,,,,,,,,,,,,,,,,,,,https://www.tmlgarageservices.com/our-services/garage-door-opener-installation
TML | Search | Components & Symptoms,,,,,,,,,Opener Mechanics,,7.20,garage door motor replacement,Phrase,,Enabled,,,,,,,,,,,,,,,,,,,,,,https://www.tmlgarageservices.com/our-services/garage-door-opener-installation
TML | Search | Components & Symptoms,,,,,,,,,Opener Mechanics,,9.00,garage door belt replacement,Exact,,Enabled,,,,,,,,,,,,,,,,,,,,,,https://www.tmlgarageservices.com/our-services/garage-door-opener-installation
TML | Search | Components & Symptoms,,,,,,,,,Opener Mechanics,,7.20,garage door belt replacement,Phrase,,Enabled,,,,,,,,,,,,,,,,,,,,,,https://www.tmlgarageservices.com/our-services/garage-door-opener-installation
TML | Search | Components & Symptoms,,,,,,,,,Opener Mechanics,,9.00,garage door drive belt replacement,Exact,,Enabled,,,,,,,,,,,,,,,,,,,,,,https://www.tmlgarageservices.com/our-services/garage-door-opener-installation
TML | Search | Components & Symptoms,,,,,,,,,Opener Mechanics,,7.20,garage door drive belt replacement,Phrase,,Enabled,,,,,,,,,,,,,,,,,,,,,,https://www.tmlgarageservices.com/our-services/garage-door-opener-installation
TML | Search | Components & Symptoms,,,,,,,,,Opener Mechanics,,9.00,replace garage door lock,Exact,,Enabled,,,,,,,,,,,,,,,,,,,,,,https://www.tmlgarageservices.com/our-services/garage-door-opener-installation
TML | Search | Components & Symptoms,,,,,,,,,Opener Mechanics,,7.20,replace garage door lock,Phrase,,Enabled,,,,,,,,,,,,,,,,,,,,,,https://www.tmlgarageservices.com/our-services/garage-door-opener-installation
TML | Search | Components & Symptoms,,,,,,,,,Symptoms,,12.00,garage door wont open,Exact,,Enabled,,,,,,,,,,,,,,,,,,,,,,https://www.tmlgarageservices.com/services
TML | Search | Components & Symptoms,,,,,,,,,Symptoms,,9.60,garage door wont open,Phrase,,Enabled,,,,,,,,,,,,,,,,,,,,,,https://www.tmlgarageservices.com/services
TML | Search | Components & Symptoms,,,,,,,,,Symptoms,,12.00,garage door won't open,Exact,,Enabled,,,,,,,,,,,,,,,,,,,,,,https://www.tmlgarageservices.com/services
TML | Search | Components & Symptoms,,,,,,,,,Symptoms,,9.60,garage door won't open,Phrase,,Enabled,,,,,,,,,,,,,,,,,,,,,,https://www.tmlgarageservices.com/services
TML | Search | Components & Symptoms,,,,,,,,,Symptoms,,12.00,garage door wont close,Exact,,Enabled,,,,,,,,,,,,,,,,,,,,,,https://www.tmlgarageservices.com/services
TML | Search | Components & Symptoms,,,,,,,,,Symptoms,,9.60,garage door wont close,Phrase,,Enabled,,,,,,,,,,,,,,,,,,,,,,https://www.tmlgarageservices.com/services
TML | Search | Components & Symptoms,,,,,,,,,Symptoms,,12.00,garage door won't close,Exact,,Enabled,,,,,,,,,,,,,,,,,,,,,,https://www.tmlgarageservices.com/services
TML | Search | Components & Symptoms,,,,,,,,,Symptoms,,9.60,garage door won't close,Phrase,,Enabled,,,,,,,,,,,,,,,,,,,,,,https://www.tmlgarageservices.com/services
TML | Search | Components & Symptoms,,,,,,,,,Symptoms,,12.00,garage door stuck,Exact,,Enabled,,,,,,,,,,,,,,,,,,,,,,https://www.tmlgarageservices.com/services
TML | Search | Components & Symptoms,,,,,,,,,Symptoms,,9.60,garage door stuck,Phrase,,Enabled,,,,,,,,,,,,,,,,,,,,,,https://www.tmlgarageservices.com/services
TML | Search | Components & Symptoms,,,,,,,,,Symptoms,,12.00,garage door off track,Exact,,Enabled,,,,,,,,,,,,,,,,,,,,,,https://www.tmlgarageservices.com/services
TML | Search | Components & Symptoms,,,,,,,,,Symptoms,,9.60,garage door off track,Phrase,,Enabled,,,,,,,,,,,,,,,,,,,,,,https://www.tmlgarageservices.com/services
TML | Search | Components & Symptoms,,,,,,,,,Symptoms,,12.00,garage door off track repair,Phrase,,Enabled,,,,,,,,,,,,,,,,,,,,,,https://www.tmlgarageservices.com/services
TML | Search | Components & Symptoms,,,,,,,,,Symptoms,,12.00,garage door not working,Exact,,Enabled,,,,,,,,,,,,,,,,,,,,,,https://www.tmlgarageservices.com/services
TML | Search | Components & Symptoms,,,,,,,,,Symptoms,,9.60,garage door not working,Phrase,,Enabled,,,,,,,,,,,,,,,,,,,,,,https://www.tmlgarageservices.com/services
TML | Search | Components & Symptoms,,,,,,,,,Symptoms,,12.00,garage door stuck open,Exact,,Enabled,,,,,,,,,,,,,,,,,,,,,,https://www.tmlgarageservices.com/services
TML | Search | Components & Symptoms,,,,,,,,,Symptoms,,9.60,garage door stuck open,Phrase,,Enabled,,,,,,,,,,,,,,,,,,,,,,https://www.tmlgarageservices.com/services
TML | Search | Components & Symptoms,,,,,,,,,Symptoms,,12.00,garage door crooked,Exact,,Enabled,,,,,,,,,,,,,,,,,,,,,,https://www.tmlgarageservices.com/services
TML | Search | Components & Symptoms,,,,,,,,,Symptoms,,9.60,garage door crooked,Phrase,,Enabled,,,,,,,,,,,,,,,,,,,,,,https://www.tmlgarageservices.com/services
TML | Search | Components & Symptoms,,,,,,,,,Symptoms,,12.00,garage door making noise,Exact,,Enabled,,,,,,,,,,,,,,,,,,,,,,https://www.tmlgarageservices.com/services
TML | Search | Components & Symptoms,,,,,,,,,Symptoms,,9.60,garage door making noise,Phrase,,Enabled,,,,,,,,,,,,,,,,,,,,,,https://www.tmlgarageservices.com/services
TML | Search | Components & Symptoms,,,,,,,,,Symptoms,,12.00,garage door came off track,Exact,,Enabled,,,,,,,,,,,,,,,,,,,,,,https://www.tmlgarageservices.com/services
TML | Search | Components & Symptoms,,,,,,,,,Symptoms,,9.60,garage door came off track,Phrase,,Enabled,,,,,,,,,,,,,,,,,,,,,,https://www.tmlgarageservices.com/services
TML | Search | Components & Symptoms,,,,,,,,,Symptoms,,12.00,garage door opener not working,Exact,,Enabled,,,,,,,,,,,,,,,,,,,,,,https://www.tmlgarageservices.com/services
TML | Search | Components & Symptoms,,,,,,,,,Symptoms,,9.60,garage door opener not working,Phrase,,Enabled,,,,,,,,,,,,,,,,,,,,,,https://www.tmlgarageservices.com/services
TML | Search | Components & Symptoms,,,,,,,,,Symptoms,,12.00,garage door opener wont work,Exact,,Enabled,,,,,,,,,,,,,,,,,,,,,,https://www.tmlgarageservices.com/services
TML | Search | Components & Symptoms,,,,,,,,,Symptoms,,9.60,garage door opener wont work,Phrase,,Enabled,,,,,,,,,,,,,,,,,,,,,,https://www.tmlgarageservices.com/services
TML | Search | Components & Symptoms,,,,,,,,,Install Near Me,,8.00,garage door installation near me,Exact,,Enabled,,,,,,,,,,,,,,,,,,,,,,https://www.tmlgarageservices.com/our-services/residential-garage-door-services
TML | Search | Components & Symptoms,,,,,,,,,Install Near Me,,6.40,garage door installation near me,Phrase,,Enabled,,,,,,,,,,,,,,,,,,,,,,https://www.tmlgarageservices.com/our-services/residential-garage-door-services
TML | Search | Head Terms,,,,,,,,,Repair Core,,30.00,garage door repair,Exact,,Enabled,,,,,,,,,,,,,,,,,,,,,,https://www.tmlgarageservices.com/services
TML | Search | Head Terms,,,,,,,,,Repair Core,,24.00,garage door repair,Phrase,,Enabled,,,,,,,,,,,,,,,,,,,,,,https://www.tmlgarageservices.com/services
TML | Search | Head Terms,,,,,,,,,Repair Core,,30.00,garage door repair near me,Exact,,Enabled,,,,,,,,,,,,,,,,,,,,,,https://www.tmlgarageservices.com/services
TML | Search | Head Terms,,,,,,,,,Repair Core,,24.00,garage door repair near me,Phrase,,Enabled,,,,,,,,,,,,,,,,,,,,,,https://www.tmlgarageservices.com/services
TML | Search | Head Terms,,,,,,,,,Repair Core,,30.00,garage door repair service,Exact,,Enabled,,,,,,,,,,,,,,,,,,,,,,https://www.tmlgarageservices.com/services
TML | Search | Head Terms,,,,,,,,,Repair Core,,24.00,garage door repair service,Phrase,,Enabled,,,,,,,,,,,,,,,,,,,,,,https://www.tmlgarageservices.com/services
TML | Search | Head Terms,,,,,,,,,Repair Core,,30.00,garage door service,Exact,,Enabled,,,,,,,,,,,,,,,,,,,,,,https://www.tmlgarageservices.com/services
TML | Search | Head Terms,,,,,,,,,Repair Core,,24.00,garage door service,Phrase,,Enabled,,,,,,,,,,,,,,,,,,,,,,https://www.tmlgarageservices.com/services
TML | Search | Head Terms,,,,,,,,,Repair Core,,30.00,garage door opener repair,Exact,,Enabled,,,,,,,,,,,,,,,,,,,,,,https://www.tmlgarageservices.com/services
TML | Search | Head Terms,,,,,,,,,Repair Core,,24.00,garage door opener repair,Phrase,,Enabled,,,,,,,,,,,,,,,,,,,,,,https://www.tmlgarageservices.com/services
TML | Search | Head Terms,,,,,,,,,Repair Core,,30.00,garage door opener repair near me,Exact,,Enabled,,,,,,,,,,,,,,,,,,,,,,https://www.tmlgarageservices.com/services
TML | Search | Head Terms,,,,,,,,,Repair Core,,24.00,garage door opener repair near me,Phrase,,Enabled,,,,,,,,,,,,,,,,,,,,,,https://www.tmlgarageservices.com/services
TML | Search | Head Terms,,,,,,,,,Springs Head,,30.00,garage door spring repair,Exact,,Enabled,,,,,,,,,,,,,,,,,,,,,,https://www.tmlgarageservices.com/our-services/garage-door-spring-replacement
TML | Search | Head Terms,,,,,,,,,Springs Head,,24.00,garage door spring repair,Phrase,,Enabled,,,,,,,,,,,,,,,,,,,,,,https://www.tmlgarageservices.com/our-services/garage-door-spring-replacement
TML | Search | Head Terms,,,,,,,,,Springs Head,,30.00,broken garage door spring,Exact,,Enabled,,,,,,,,,,,,,,,,,,,,,,https://www.tmlgarageservices.com/our-services/garage-door-spring-replacement
TML | Search | Head Terms,,,,,,,,,Springs Head,,24.00,broken garage door spring,Phrase,,Enabled,,,,,,,,,,,,,,,,,,,,,,https://www.tmlgarageservices.com/our-services/garage-door-spring-replacement
TML | Search | Head Terms,,,,,,,,,Springs Head,,30.00,garage door spring replacement,Exact,,Enabled,,,,,,,,,,,,,,,,,,,,,,https://www.tmlgarageservices.com/our-services/garage-door-spring-replacement
TML | Search | Head Terms,,,,,,,,,Springs Head,,24.00,garage door spring replacement,Phrase,,Enabled,,,,,,,,,,,,,,,,,,,,,,https://www.tmlgarageservices.com/our-services/garage-door-spring-replacement
TML | Search | Head Terms,,,,,,,,,Springs Head,,30.00,garage door spring repair near me,Exact,,Enabled,,,,,,,,,,,,,,,,,,,,,,https://www.tmlgarageservices.com/our-services/garage-door-spring-replacement
TML | Search | Head Terms,,,,,,,,,Springs Head,,24.00,garage door spring repair near me,Phrase,,Enabled,,,,,,,,,,,,,,,,,,,,,,https://www.tmlgarageservices.com/our-services/garage-door-spring-replacement
TML | Search | Head Terms,,,,,,,,,Springs Head,,30.00,garage door spring broke,Exact,,Enabled,,,,,,,,,,,,,,,,,,,,,,https://www.tmlgarageservices.com/our-services/garage-door-spring-replacement
TML | Search | Head Terms,,,,,,,,,Springs Head,,24.00,garage door spring broke,Phrase,,Enabled,,,,,,,,,,,,,,,,,,,,,,https://www.tmlgarageservices.com/our-services/garage-door-spring-replacement
TML | Search | Head Terms,,,,,,,,,Local Towns,,26.00,garage door repair conroe,Exact,,Enabled,,,,,,,,,,,,,,,,,,,,,,https://www.tmlgarageservices.com/services
TML | Search | Head Terms,,,,,,,,,Local Towns,,20.80,garage door repair conroe,Phrase,,Enabled,,,,,,,,,,,,,,,,,,,,,,https://www.tmlgarageservices.com/services
TML | Search | Head Terms,,,,,,,,,Local Towns,,26.00,garage door repair conroe tx,Exact,,Enabled,,,,,,,,,,,,,,,,,,,,,,https://www.tmlgarageservices.com/services
TML | Search | Head Terms,,,,,,,,,Local Towns,,20.80,garage door repair conroe tx,Phrase,,Enabled,,,,,,,,,,,,,,,,,,,,,,https://www.tmlgarageservices.com/services
TML | Search | Head Terms,,,,,,,,,Local Towns,,26.00,garage door conroe,Exact,,Enabled,,,,,,,,,,,,,,,,,,,,,,https://www.tmlgarageservices.com/services
TML | Search | Head Terms,,,,,,,,,Local Towns,,20.80,garage door conroe,Phrase,,Enabled,,,,,,,,,,,,,,,,,,,,,,https://www.tmlgarageservices.com/services
TML | Search | Head Terms,,,,,,,,,Local Towns,,26.00,garage door repair the woodlands,Exact,,Enabled,,,,,,,,,,,,,,,,,,,,,,https://www.tmlgarageservices.com/services
TML | Search | Head Terms,,,,,,,,,Local Towns,,20.80,garage door repair the woodlands,Phrase,,Enabled,,,,,,,,,,,,,,,,,,,,,,https://www.tmlgarageservices.com/services
TML | Search | Head Terms,,,,,,,,,Local Towns,,26.00,garage door repair the woodlands tx,Exact,,Enabled,,,,,,,,,,,,,,,,,,,,,,https://www.tmlgarageservices.com/services
TML | Search | Head Terms,,,,,,,,,Local Towns,,20.80,garage door repair the woodlands tx,Phrase,,Enabled,,,,,,,,,,,,,,,,,,,,,,https://www.tmlgarageservices.com/services
TML | Search | Head Terms,,,,,,,,,Local Towns,,26.00,garage door repair spring tx,Exact,,Enabled,,,,,,,,,,,,,,,,,,,,,,https://www.tmlgarageservices.com/services
TML | Search | Head Terms,,,,,,,,,Local Towns,,20.80,garage door repair spring tx,Phrase,,Enabled,,,,,,,,,,,,,,,,,,,,,,https://www.tmlgarageservices.com/services
TML | Search | Head Terms,,,,,,,,,Local Towns,,26.00,garage door repair montgomery tx,Exact,,Enabled,,,,,,,,,,,,,,,,,,,,,,https://www.tmlgarageservices.com/services
TML | Search | Head Terms,,,,,,,,,Local Towns,,20.80,garage door repair montgomery tx,Phrase,,Enabled,,,,,,,,,,,,,,,,,,,,,,https://www.tmlgarageservices.com/services
TML | Search | Head Terms,,,,,,,,,Local Towns,,26.00,garage door repair willis tx,Exact,,Enabled,,,,,,,,,,,,,,,,,,,,,,https://www.tmlgarageservices.com/services
TML | Search | Head Terms,,,,,,,,,Local Towns,,20.80,garage door repair willis tx,Phrase,,Enabled,,,,,,,,,,,,,,,,,,,,,,https://www.tmlgarageservices.com/services
TML | Search | Head Terms,,,,,,,,,Local Towns,,26.00,garage door repair magnolia tx,Exact,,Enabled,,,,,,,,,,,,,,,,,,,,,,https://www.tmlgarageservices.com/services
TML | Search | Head Terms,,,,,,,,,Local Towns,,20.80,garage door repair magnolia tx,Phrase,,Enabled,,,,,,,,,,,,,,,,,,,,,,https://www.tmlgarageservices.com/services
TML | Search | Head Terms,,,,,,,,,Local Towns,,26.00,garage door repair tomball tx,Exact,,Enabled,,,,,,,,,,,,,,,,,,,,,,https://www.tmlgarageservices.com/services
TML | Search | Head Terms,,,,,,,,,Local Towns,,20.80,garage door repair tomball tx,Phrase,,Enabled,,,,,,,,,,,,,,,,,,,,,,https://www.tmlgarageservices.com/services
TML | Search | Head Terms,,,,,,,,,Emergency Capped,,22.00,same day garage door repair,Exact,,Enabled,,,,,,,,,,,,,,,,,,,,,,https://www.tmlgarageservices.com/contact
TML | Search | Head Terms,,,,,,,,,Emergency Capped,,17.60,same day garage door repair,Phrase,,Enabled,,,,,,,,,,,,,,,,,,,,,,https://www.tmlgarageservices.com/contact
TML | Search | Head Terms,,,,,,,,,Emergency Capped,,22.00,24 hour garage door repair,Exact,,Enabled,,,,,,,,,,,,,,,,,,,,,,https://www.tmlgarageservices.com/contact
TML | Search | Head Terms,,,,,,,,,Emergency Capped,,17.60,24 hour garage door repair,Phrase,,Enabled,,,,,,,,,,,,,,,,,,,,,,https://www.tmlgarageservices.com/contact
TML | Search | Head Terms,,,,,,,,,Emergency Capped,,22.00,garage door repair open now,Exact,,Enabled,,,,,,,,,,,,,,,,,,,,,,https://www.tmlgarageservices.com/contact
TML | Search | Head Terms,,,,,,,,,Emergency Capped,,17.60,garage door repair open now,Phrase,,Enabled,,,,,,,,,,,,,,,,,,,,,,https://www.tmlgarageservices.com/contact
TML | Search | Head Terms,,,,,,,,,Emergency Capped,,22.00,garage door repair today,Exact,,Enabled,,,,,,,,,,,,,,,,,,,,,,https://www.tmlgarageservices.com/contact
TML | Search | Head Terms,,,,,,,,,Emergency Capped,,17.60,garage door repair today,Phrase,,Enabled,,,,,,,,,,,,,,,,,,,,,,https://www.tmlgarageservices.com/contact
TML | Search | Head Terms,,,,,,,,,Emergency Capped,,22.00,weekend garage door repair,Exact,,Enabled,,,,,,,,,,,,,,,,,,,,,,https://www.tmlgarageservices.com/contact
TML | Search | Head Terms,,,,,,,,,Emergency Capped,,17.60,weekend garage door repair,Phrase,,Enabled,,,,,,,,,,,,,,,,,,,,,,https://www.tmlgarageservices.com/contact
TML | Search | Head Terms,,,,,,,,,Emergency Capped,,22.00,after hours garage door repair,Exact,,Enabled,,,,,,,,,,,,,,,,,,,,,,https://www.tmlgarageservices.com/contact
TML | Search | Head Terms,,,,,,,,,Emergency Capped,,17.60,after hours garage door repair,Phrase,,Enabled,,,,,,,,,,,,,,,,,,,,,,https://www.tmlgarageservices.com/contact
TML | Search | Head Terms,,,,,,,,,Tune Up,,14.00,garage door tune up,Exact,,Enabled,,,,,,,,,,,,,,,,,,,,,,https://www.tmlgarageservices.com/schedule-consult
TML | Search | Head Terms,,,,,,,,,Tune Up,,11.20,garage door tune up,Phrase,,Enabled,,,,,,,,,,,,,,,,,,,,,,https://www.tmlgarageservices.com/schedule-consult
TML | Search | Head Terms,,,,,,,,,Tune Up,,14.00,garage door maintenance,Exact,,Enabled,,,,,,,,,,,,,,,,,,,,,,https://www.tmlgarageservices.com/schedule-consult
TML | Search | Head Terms,,,,,,,,,Tune Up,,11.20,garage door maintenance,Phrase,,Enabled,,,,,,,,,,,,,,,,,,,,,,https://www.tmlgarageservices.com/schedule-consult
TML | Search | Head Terms,,,,,,,,,Tune Up,,14.00,garage door inspection,Exact,,Enabled,,,,,,,,,,,,,,,,,,,,,,https://www.tmlgarageservices.com/schedule-consult
TML | Search | Head Terms,,,,,,,,,Tune Up,,11.20,garage door inspection,Phrase,,Enabled,,,,,,,,,,,,,,,,,,,,,,https://www.tmlgarageservices.com/schedule-consult
TML | Search | Head Terms,,,,,,,,,Tune Up,,14.00,garage door safety inspection,Exact,,Enabled,,,,,,,,,,,,,,,,,,,,,,https://www.tmlgarageservices.com/schedule-consult
TML | Search | Head Terms,,,,,,,,,Tune Up,,11.20,garage door safety inspection,Phrase,,Enabled,,,,,,,,,,,,,,,,,,,,,,https://www.tmlgarageservices.com/schedule-consult
TML | Search | Head Terms,,,,,,,,,Tune Up,,14.00,garage door tune up near me,Exact,,Enabled,,,,,,,,,,,,,,,,,,,,,,https://www.tmlgarageservices.com/schedule-consult
TML | Search | Head Terms,,,,,,,,,Tune Up,,11.20,garage door tune up near me,Phrase,,Enabled,,,,,,,,,,,,,,,,,,,,,,https://www.tmlgarageservices.com/schedule-consult
TML | Search | Head Terms,,,,,,,,,Tune Up,,14.00,garage door lubrication service,Exact,,Enabled,,,,,,,,,,,,,,,,,,,,,,https://www.tmlgarageservices.com/schedule-consult
TML | Search | Head Terms,,,,,,,,,Tune Up,,11.20,garage door lubrication service,Phrase,,Enabled,,,,,,,,,,,,,,,,,,,,,,https://www.tmlgarageservices.com/schedule-consult
TML | Search | Install & Replace,,,,,,,,,New Door Install,,26.00,new garage door installation,Exact,,Enabled,,,,,,,,,,,,,,,,,,,,,,https://www.tmlgarageservices.com/our-services/residential-garage-door-services
TML | Search | Install & Replace,,,,,,,,,New Door Install,,20.80,new garage door installation,Phrase,,Enabled,,,,,,,,,,,,,,,,,,,,,,https://www.tmlgarageservices.com/our-services/residential-garage-door-services
TML | Search | Install & Replace,,,,,,,,,New Door Install,,26.00,garage door installation,Exact,,Enabled,,,,,,,,,,,,,,,,,,,,,,https://www.tmlgarageservices.com/our-services/residential-garage-door-services
TML | Search | Install & Replace,,,,,,,,,New Door Install,,20.80,garage door installation,Phrase,,Enabled,,,,,,,,,,,,,,,,,,,,,,https://www.tmlgarageservices.com/our-services/residential-garage-door-services
TML | Search | Install & Replace,,,,,,,,,New Door Install,,26.00,garage door replacement,Exact,,Enabled,,,,,,,,,,,,,,,,,,,,,,https://www.tmlgarageservices.com/our-services/residential-garage-door-services
TML | Search | Install & Replace,,,,,,,,,New Door Install,,20.80,garage door replacement,Phrase,,Enabled,,,,,,,,,,,,,,,,,,,,,,https://www.tmlgarageservices.com/our-services/residential-garage-door-services
TML | Search | Install & Replace,,,,,,,,,New Door Install,,26.00,replace garage door,Exact,,Enabled,,,,,,,,,,,,,,,,,,,,,,https://www.tmlgarageservices.com/our-services/residential-garage-door-services
TML | Search | Install & Replace,,,,,,,,,New Door Install,,20.80,replace garage door,Phrase,,Enabled,,,,,,,,,,,,,,,,,,,,,,https://www.tmlgarageservices.com/our-services/residential-garage-door-services
TML | Search | Install & Replace,,,,,,,,,New Door Install,,26.00,new garage door,Exact,,Enabled,,,,,,,,,,,,,,,,,,,,,,https://www.tmlgarageservices.com/our-services/residential-garage-door-services
TML | Search | Install & Replace,,,,,,,,,New Door Install,,20.80,new garage door,Phrase,,Enabled,,,,,,,,,,,,,,,,,,,,,,https://www.tmlgarageservices.com/our-services/residential-garage-door-services
TML | Search | Install & Replace,,,,,,,,,New Door Install,,26.00,garage door installers near me,Exact,,Enabled,,,,,,,,,,,,,,,,,,,,,,https://www.tmlgarageservices.com/our-services/residential-garage-door-services
TML | Search | Install & Replace,,,,,,,,,New Door Install,,20.80,garage door installers near me,Phrase,,Enabled,,,,,,,,,,,,,,,,,,,,,,https://www.tmlgarageservices.com/our-services/residential-garage-door-services
TML | Search | Install & Replace,,,,,,,,,New Door Install,,26.00,new garage door cost,Exact,,Enabled,,,,,,,,,,,,,,,,,,,,,,https://www.tmlgarageservices.com/our-services/residential-garage-door-services
TML | Search | Install & Replace,,,,,,,,,New Door Install,,20.80,new garage door cost,Phrase,,Enabled,,,,,,,,,,,,,,,,,,,,,,https://www.tmlgarageservices.com/our-services/residential-garage-door-services
TML | Search | Install & Replace,,,,,,,,,New Door Install,,26.00,garage door replacement cost,Exact,,Enabled,,,,,,,,,,,,,,,,,,,,,,https://www.tmlgarageservices.com/our-services/residential-garage-door-services
TML | Search | Install & Replace,,,,,,,,,New Door Install,,20.80,garage door replacement cost,Phrase,,Enabled,,,,,,,,,,,,,,,,,,,,,,https://www.tmlgarageservices.com/our-services/residential-garage-door-services
TML | Search | Install & Replace,,,,,,,,,Door Types,,8.00,insulated garage door,Exact,,Enabled,,,,,,,,,,,,,,,,,,,,,,https://www.tmlgarageservices.com/our-services/residential-garage-door-services
TML | Search | Install & Replace,,,,,,,,,Door Types,,6.40,insulated garage door,Phrase,,Enabled,,,,,,,,,,,,,,,,,,,,,,https://www.tmlgarageservices.com/our-services/residential-garage-door-services
TML | Search | Install & Replace,,,,,,,,,Door Types,,8.00,insulated garage door installation,Phrase,,Enabled,,,,,,,,,,,,,,,,,,,,,,https://www.tmlgarageservices.com/our-services/residential-garage-door-services
TML | Search | Install & Replace,,,,,,,,,Door Types,,8.00,carriage garage doors,Exact,,Enabled,,,,,,,,,,,,,,,,,,,,,,https://www.tmlgarageservices.com/our-services/residential-garage-door-services
TML | Search | Install & Replace,,,,,,,,,Door Types,,6.40,carriage garage doors,Phrase,,Enabled,,,,,,,,,,,,,,,,,,,,,,https://www.tmlgarageservices.com/our-services/residential-garage-door-services
TML | Search | Install & Replace,,,,,,,,,Door Types,,8.00,custom garage doors,Exact,,Enabled,,,,,,,,,,,,,,,,,,,,,,https://www.tmlgarageservices.com/our-services/residential-garage-door-services
TML | Search | Install & Replace,,,,,,,,,Door Types,,6.40,custom garage doors,Phrase,,Enabled,,,,,,,,,,,,,,,,,,,,,,https://www.tmlgarageservices.com/our-services/residential-garage-door-services
TML | Search | Install & Replace,,,,,,,,,Door Types,,8.00,modern garage doors,Exact,,Enabled,,,,,,,,,,,,,,,,,,,,,,https://www.tmlgarageservices.com/our-services/residential-garage-door-services
TML | Search | Install & Replace,,,,,,,,,Door Types,,6.40,modern garage doors,Phrase,,Enabled,,,,,,,,,,,,,,,,,,,,,,https://www.tmlgarageservices.com/our-services/residential-garage-door-services
TML | Search | Install & Replace,,,,,,,,,Door Types,,8.00,steel garage door installation,Exact,,Enabled,,,,,,,,,,,,,,,,,,,,,,https://www.tmlgarageservices.com/our-services/residential-garage-door-services
TML | Search | Install & Replace,,,,,,,,,Door Types,,6.40,steel garage door installation,Phrase,,Enabled,,,,,,,,,,,,,,,,,,,,,,https://www.tmlgarageservices.com/our-services/residential-garage-door-services
TML | Search | Install & Replace,,,,,,,,,Door Types,,8.00,wood garage door installation,Exact,,Enabled,,,,,,,,,,,,,,,,,,,,,,https://www.tmlgarageservices.com/our-services/residential-garage-door-services
TML | Search | Install & Replace,,,,,,,,,Door Types,,6.40,wood garage door installation,Phrase,,Enabled,,,,,,,,,,,,,,,,,,,,,,https://www.tmlgarageservices.com/our-services/residential-garage-door-services
TML | Search | Install & Replace,,,,,,,,,Door Types,,8.00,glass garage door installation,Exact,,Enabled,,,,,,,,,,,,,,,,,,,,,,https://www.tmlgarageservices.com/our-services/residential-garage-door-services
TML | Search | Install & Replace,,,,,,,,,Door Types,,6.40,glass garage door installation,Phrase,,Enabled,,,,,,,,,,,,,,,,,,,,,,https://www.tmlgarageservices.com/our-services/residential-garage-door-services
TML | Search | Install & Replace,,,,,,,,,Door Types,,8.00,double garage door replacement,Exact,,Enabled,,,,,,,,,,,,,,,,,,,,,,https://www.tmlgarageservices.com/our-services/residential-garage-door-services
TML | Search | Install & Replace,,,,,,,,,Door Types,,6.40,double garage door replacement,Phrase,,Enabled,,,,,,,,,,,,,,,,,,,,,,https://www.tmlgarageservices.com/our-services/residential-garage-door-services
TML | Search | Install & Replace,,,,,,,,,Opener Install & Brands,,16.00,garage door opener installation,Exact,,Enabled,,,,,,,,,,,,,,,,,,,,,,https://www.tmlgarageservices.com/our-services/garage-door-opener-installation
TML | Search | Install & Replace,,,,,,,,,Opener Install & Brands,,12.80,garage door opener installation,Phrase,,Enabled,,,,,,,,,,,,,,,,,,,,,,https://www.tmlgarageservices.com/our-services/garage-door-opener-installation
TML | Search | Install & Replace,,,,,,,,,Opener Install & Brands,,16.00,new garage door opener,Exact,,Enabled,,,,,,,,,,,,,,,,,,,,,,https://www.tmlgarageservices.com/our-services/garage-door-opener-installation
TML | Search | Install & Replace,,,,,,,,,Opener Install & Brands,,12.80,new garage door opener,Phrase,,Enabled,,,,,,,,,,,,,,,,,,,,,,https://www.tmlgarageservices.com/our-services/garage-door-opener-installation
TML | Search | Install & Replace,,,,,,,,,Opener Install & Brands,,16.00,liftmaster garage door opener installation,Exact,,Enabled,,,,,,,,,,,,,,,,,,,,,,https://www.tmlgarageservices.com/our-services/garage-door-opener-installation
TML | Search | Install & Replace,,,,,,,,,Opener Install & Brands,,12.80,liftmaster garage door opener installation,Phrase,,Enabled,,,,,,,,,,,,,,,,,,,,,,https://www.tmlgarageservices.com/our-services/garage-door-opener-installation
TML | Search | Install & Replace,,,,,,,,,Opener Install & Brands,,16.00,liftmaster dealer near me,Exact,,Enabled,,,,,,,,,,,,,,,,,,,,,,https://www.tmlgarageservices.com/our-services/garage-door-opener-installation
TML | Search | Install & Replace,,,,,,,,,Opener Install & Brands,,12.80,liftmaster dealer near me,Phrase,,Enabled,,,,,,,,,,,,,,,,,,,,,,https://www.tmlgarageservices.com/our-services/garage-door-opener-installation
TML | Search | Install & Replace,,,,,,,,,Opener Install & Brands,,16.00,chamberlain garage door opener repair,Exact,,Enabled,,,,,,,,,,,,,,,,,,,,,,https://www.tmlgarageservices.com/our-services/garage-door-opener-installation
TML | Search | Install & Replace,,,,,,,,,Opener Install & Brands,,12.80,chamberlain garage door opener repair,Phrase,,Enabled,,,,,,,,,,,,,,,,,,,,,,https://www.tmlgarageservices.com/our-services/garage-door-opener-installation
TML | Search | Install & Replace,,,,,,,,,Opener Install & Brands,,16.00,genie garage door opener repair,Exact,,Enabled,,,,,,,,,,,,,,,,,,,,,,https://www.tmlgarageservices.com/our-services/garage-door-opener-installation
TML | Search | Install & Replace,,,,,,,,,Opener Install & Brands,,12.80,genie garage door opener repair,Phrase,,Enabled,,,,,,,,,,,,,,,,,,,,,,https://www.tmlgarageservices.com/our-services/garage-door-opener-installation
TML | Search | Install & Replace,,,,,,,,,Opener Install & Brands,,16.00,craftsman garage door opener repair,Exact,,Enabled,,,,,,,,,,,,,,,,,,,,,,https://www.tmlgarageservices.com/our-services/garage-door-opener-installation
TML | Search | Install & Replace,,,,,,,,,Opener Install & Brands,,12.80,craftsman garage door opener repair,Phrase,,Enabled,,,,,,,,,,,,,,,,,,,,,,https://www.tmlgarageservices.com/our-services/garage-door-opener-installation
TML | Search | Install & Replace,,,,,,,,,Opener Install & Brands,,16.00,smart garage door opener installation,Exact,,Enabled,,,,,,,,,,,,,,,,,,,,,,https://www.tmlgarageservices.com/our-services/garage-door-opener-installation
TML | Search | Install & Replace,,,,,,,,,Opener Install & Brands,,12.80,smart garage door opener installation,Phrase,,Enabled,,,,,,,,,,,,,,,,,,,,,,https://www.tmlgarageservices.com/our-services/garage-door-opener-installation
TML | Search | Install & Replace,,,,,,,,,Opener Install & Brands,,16.00,wall mount garage door opener installation,Exact,,Enabled,,,,,,,,,,,,,,,,,,,,,,https://www.tmlgarageservices.com/our-services/garage-door-opener-installation
TML | Search | Install & Replace,,,,,,,,,Opener Install & Brands,,12.80,wall mount garage door opener installation,Phrase,,Enabled,,,,,,,,,,,,,,,,,,,,,,https://www.tmlgarageservices.com/our-services/garage-door-opener-installation
TML | Search | Commercial & Gates,,,,,,,,,Commercial Overhead,,40.00,commercial garage door repair,Exact,,Enabled,,,,,,,,,,,,,,,,,,,,,,https://www.tmlgarageservices.com/our-services/commercial-overhead-door-services
TML | Search | Commercial & Gates,,,,,,,,,Commercial Overhead,,32.00,commercial garage door repair,Phrase,,Enabled,,,,,,,,,,,,,,,,,,,,,,https://www.tmlgarageservices.com/our-services/commercial-overhead-door-services
TML | Search | Commercial & Gates,,,,,,,,,Commercial Overhead,,40.00,commercial garage door repair near me,Exact,,Enabled,,,,,,,,,,,,,,,,,,,,,,https://www.tmlgarageservices.com/our-services/commercial-overhead-door-services
TML | Search | Commercial & Gates,,,,,,,,,Commercial Overhead,,32.00,commercial garage door repair near me,Phrase,,Enabled,,,,,,,,,,,,,,,,,,,,,,https://www.tmlgarageservices.com/our-services/commercial-overhead-door-services
TML | Search | Commercial & Gates,,,,,,,,,Commercial Overhead,,40.00,commercial overhead door repair,Exact,,Enabled,,,,,,,,,,,,,,,,,,,,,,https://www.tmlgarageservices.com/our-services/commercial-overhead-door-services
TML | Search | Commercial & Gates,,,,,,,,,Commercial Overhead,,32.00,commercial overhead door repair,Phrase,,Enabled,,,,,,,,,,,,,,,,,,,,,,https://www.tmlgarageservices.com/our-services/commercial-overhead-door-services
TML | Search | Commercial & Gates,,,,,,,,,Commercial Overhead,,40.00,overhead door repair,Exact,,Enabled,,,,,,,,,,,,,,,,,,,,,,https://www.tmlgarageservices.com/our-services/commercial-overhead-door-services
TML | Search | Commercial & Gates,,,,,,,,,Commercial Overhead,,32.00,overhead door repair,Phrase,,Enabled,,,,,,,,,,,,,,,,,,,,,,https://www.tmlgarageservices.com/our-services/commercial-overhead-door-services
TML | Search | Commercial & Gates,,,,,,,,,Commercial Overhead,,40.00,commercial garage door installation,Exact,,Enabled,,,,,,,,,,,,,,,,,,,,,,https://www.tmlgarageservices.com/our-services/commercial-overhead-door-services
TML | Search | Commercial & Gates,,,,,,,,,Commercial Overhead,,32.00,commercial garage door installation,Phrase,,Enabled,,,,,,,,,,,,,,,,,,,,,,https://www.tmlgarageservices.com/our-services/commercial-overhead-door-services
TML | Search | Commercial & Gates,,,,,,,,,Commercial Overhead,,40.00,rolling steel door repair,Exact,,Enabled,,,,,,,,,,,,,,,,,,,,,,https://www.tmlgarageservices.com/our-services/commercial-overhead-door-services
TML | Search | Commercial & Gates,,,,,,,,,Commercial Overhead,,32.00,rolling steel door repair,Phrase,,Enabled,,,,,,,,,,,,,,,,,,,,,,https://www.tmlgarageservices.com/our-services/commercial-overhead-door-services
TML | Search | Commercial & Gates,,,,,,,,,Commercial Overhead,,40.00,loading dock door repair,Exact,,Enabled,,,,,,,,,,,,,,,,,,,,,,https://www.tmlgarageservices.com/our-services/commercial-overhead-door-services
TML | Search | Commercial & Gates,,,,,,,,,Commercial Overhead,,32.00,loading dock door repair,Phrase,,Enabled,,,,,,,,,,,,,,,,,,,,,,https://www.tmlgarageservices.com/our-services/commercial-overhead-door-services
TML | Search | Commercial & Gates,,,,,,,,,Commercial Overhead,,40.00,commercial door repair near me,Exact,,Enabled,,,,,,,,,,,,,,,,,,,,,,https://www.tmlgarageservices.com/our-services/commercial-overhead-door-services
TML | Search | Commercial & Gates,,,,,,,,,Commercial Overhead,,32.00,commercial door repair near me,Phrase,,Enabled,,,,,,,,,,,,,,,,,,,,,,https://www.tmlgarageservices.com/our-services/commercial-overhead-door-services
TML | Search | Commercial & Gates,,,,,,,,,Commercial Overhead,,40.00,warehouse door repair,Exact,,Enabled,,,,,,,,,,,,,,,,,,,,,,https://www.tmlgarageservices.com/our-services/commercial-overhead-door-services
TML | Search | Commercial & Gates,,,,,,,,,Commercial Overhead,,32.00,warehouse door repair,Phrase,,Enabled,,,,,,,,,,,,,,,,,,,,,,https://www.tmlgarageservices.com/our-services/commercial-overhead-door-services
TML | Search | Commercial & Gates,,,,,,,,,Commercial Overhead,,40.00,roll up door repair,Exact,,Enabled,,,,,,,,,,,,,,,,,,,,,,https://www.tmlgarageservices.com/our-services/commercial-overhead-door-services
TML | Search | Commercial & Gates,,,,,,,,,Commercial Overhead,,32.00,roll up door repair,Phrase,,Enabled,,,,,,,,,,,,,,,,,,,,,,https://www.tmlgarageservices.com/our-services/commercial-overhead-door-services
TML | Search | Commercial & Gates,,,,,,,,,Gates,,20.00,driveway gate repair,Exact,,Enabled,,,,,,,,,,,,,,,,,,,,,,https://www.tmlgarageservices.com/our-services/residential-driveway-gate-services
TML | Search | Commercial & Gates,,,,,,,,,Gates,,16.00,driveway gate repair,Phrase,,Enabled,,,,,,,,,,,,,,,,,,,,,,https://www.tmlgarageservices.com/our-services/residential-driveway-gate-services
TML | Search | Commercial & Gates,,,,,,,,,Gates,,20.00,gate opener repair,Exact,,Enabled,,,,,,,,,,,,,,,,,,,,,,https://www.tmlgarageservices.com/our-services/residential-driveway-gate-services
TML | Search | Commercial & Gates,,,,,,,,,Gates,,16.00,gate opener repair,Phrase,,Enabled,,,,,,,,,,,,,,,,,,,,,,https://www.tmlgarageservices.com/our-services/residential-driveway-gate-services
TML | Search | Commercial & Gates,,,,,,,,,Gates,,20.00,automatic gate repair,Exact,,Enabled,,,,,,,,,,,,,,,,,,,,,,https://www.tmlgarageservices.com/our-services/residential-driveway-gate-services
TML | Search | Commercial & Gates,,,,,,,,,Gates,,16.00,automatic gate repair,Phrase,,Enabled,,,,,,,,,,,,,,,,,,,,,,https://www.tmlgarageservices.com/our-services/residential-driveway-gate-services
TML | Search | Commercial & Gates,,,,,,,,,Gates,,20.00,electric gate repair,Exact,,Enabled,,,,,,,,,,,,,,,,,,,,,,https://www.tmlgarageservices.com/our-services/residential-driveway-gate-services
TML | Search | Commercial & Gates,,,,,,,,,Gates,,16.00,electric gate repair,Phrase,,Enabled,,,,,,,,,,,,,,,,,,,,,,https://www.tmlgarageservices.com/our-services/residential-driveway-gate-services
TML | Search | Commercial & Gates,,,,,,,,,Gates,,20.00,driveway gate installation,Exact,,Enabled,,,,,,,,,,,,,,,,,,,,,,https://www.tmlgarageservices.com/our-services/residential-driveway-gate-services
TML | Search | Commercial & Gates,,,,,,,,,Gates,,16.00,driveway gate installation,Phrase,,Enabled,,,,,,,,,,,,,,,,,,,,,,https://www.tmlgarageservices.com/our-services/residential-driveway-gate-services
TML | Search | Commercial & Gates,,,,,,,,,Gates,,20.00,gate operator repair,Exact,,Enabled,,,,,,,,,,,,,,,,,,,,,,https://www.tmlgarageservices.com/our-services/residential-driveway-gate-services
TML | Search | Commercial & Gates,,,,,,,,,Gates,,16.00,gate operator repair,Phrase,,Enabled,,,,,,,,,,,,,,,,,,,,,,https://www.tmlgarageservices.com/our-services/residential-driveway-gate-services
TML | Search | Commercial & Gates,,,,,,,,,Gates,,20.00,automatic gate installation,Exact,,Enabled,,,,,,,,,,,,,,,,,,,,,,https://www.tmlgarageservices.com/our-services/residential-driveway-gate-services
TML | Search | Commercial & Gates,,,,,,,,,Gates,,16.00,automatic gate installation,Phrase,,Enabled,,,,,,,,,,,,,,,,,,,,,,https://www.tmlgarageservices.com/our-services/residential-driveway-gate-services
TML | Search | Commercial & Gates,,,,,,,,,Gates,,20.00,gate motor repair,Exact,,Enabled,,,,,,,,,,,,,,,,,,,,,,https://www.tmlgarageservices.com/our-services/residential-driveway-gate-services
TML | Search | Commercial & Gates,,,,,,,,,Gates,,16.00,gate motor repair,Phrase,,Enabled,,,,,,,,,,,,,,,,,,,,,,https://www.tmlgarageservices.com/our-services/residential-driveway-gate-services
TML | Search | Commercial & Gates,,,,,,,,,Gates,,20.00,commercial gate repair,Exact,,Enabled,,,,,,,,,,,,,,,,,,,,,,https://www.tmlgarageservices.com/our-services/residential-driveway-gate-services
TML | Search | Commercial & Gates,,,,,,,,,Gates,,16.00,commercial gate repair,Phrase,,Enabled,,,,,,,,,,,,,,,,,,,,,,https://www.tmlgarageservices.com/our-services/residential-driveway-gate-services
TML | Search | Competitor,,,,,,,,,Competitor Brands,,8.00,pro garage door repair,Exact,,Enabled,,,,,,,,,,,,,,,,,,,,,,https://www.tmlgarageservices.com/services
TML | Search | Competitor,,,,,,,,,Competitor Brands,,8.00,garage door service master,Exact,,Enabled,,,,,,,,,,,,,,,,,,,,,,https://www.tmlgarageservices.com/services
TML | Search | Competitor,,,,,,,,,Competitor Brands,,8.00,speedy garage door repair,Exact,,Enabled,,,,,,,,,,,,,,,,,,,,,,https://www.tmlgarageservices.com/services
TML | Search | Competitor,,,,,,,,,Competitor Brands,,8.00,elite garage door repair,Exact,,Enabled,,,,,,,,,,,,,,,,,,,,,,https://www.tmlgarageservices.com/services
TML | Search | Brand,,,,,,,,,TML Brand,,3.00,tml garage door services,Exact,,Enabled,,,,,,,,,,,,,,,,,,,,,,https://www.tmlgarageservices.com/
TML | Search | Brand,,,,,,,,,TML Brand,,3.00,tml garage services,Exact,,Enabled,,,,,,,,,,,,,,,,,,,,,,https://www.tmlgarageservices.com/
TML | Search | Brand,,,,,,,,,TML Brand,,3.00,tml garage door,Phrase,,Enabled,,,,,,,,,,,,,,,,,,,,,,https://www.tmlgarageservices.com/
TML | Search | Brand,,,,,,,,,TML Brand,,3.00,tml garage door conroe,Exact,,Enabled,,,,,,,,,,,,,,,,,,,,,,https://www.tmlgarageservices.com/
TML | Search | Components & Symptoms,,,,,,,,,Sensors & Safety,,,,,Responsive search ad,Enabled,Garage Door Sensor Repair,Sensors Realigned Same Day,Door Reversing On You?,Safety Eye Repair,Same-Day Garage Door Repair,Conroe & The Woodlands,Call (832) 887-8747,Weekends At No Extra Charge,Upfront Price Before We Start,"Trained, Insured Techs",Book Online In One Minute,Serving Greater Houston,,,,Door reverses before it closes? Usually the safety sensors. Same-day fix.,"We realign, rewire or replace photo-eye sensors across Conroe and The Woodlands.",We quote the full price before any work starts. No surprises when the job is done.,"Trained, insured technicians. Weekend appointments at no extra charge.",sensors,repair,https://www.tmlgarageservices.com/our-services/garage-door-opener-installation
TML | Search | Components & Symptoms,,,,,,,,,Springs & Cables,,,,,Responsive search ad,Enabled,Torsion Spring Replacement,Cable Off The Drum?,Springs Replaced In Pairs,Broken Spring? Same Day,Same-Day Garage Door Repair,Conroe & The Woodlands,Call (832) 887-8747,Weekends At No Extra Charge,Upfront Price Before We Start,"Trained, Insured Techs",Book Online In One Minute,Serving Greater Houston,,,,Broken spring or a cable off its drum? Same-day replacement by trained techs.,Springs replaced in matched pairs so you are not paying for a second visit.,We quote the full price before any work starts. No surprises when the job is done.,"Trained, insured technicians. Weekend appointments at no extra charge.",springs,replacement,https://www.tmlgarageservices.com/our-services/garage-door-spring-replacement
TML | Search | Components & Symptoms,,,,,,,,,Rollers Tracks Panels,,,,,Responsive search ad,Enabled,Roller & Track Replacement,Garage Door Panel Repair,Bottom Seal Replacement,Door Off Its Track?,Same-Day Garage Door Repair,Conroe & The Woodlands,Call (832) 887-8747,Weekends At No Extra Charge,Upfront Price Before We Start,"Trained, Insured Techs",Book Online In One Minute,Serving Greater Houston,,,,"Worn rollers, bent track, split panel or a perished bottom seal - all same day.","Trained, insured technicians across Conroe, The Woodlands and Spring.",We quote the full price before any work starts. No surprises when the job is done.,"Trained, insured technicians. Weekend appointments at no extra charge.",parts,replacement,https://www.tmlgarageservices.com/services
TML | Search | Components & Symptoms,,,,,,,,,Opener Mechanics,,,,,Responsive search ad,Enabled,Garage Door Opener Repair,Motor Or Belt Replacement,Opener Replaced Same Day,LiftMaster & Genie Service,Same-Day Garage Door Repair,Conroe & The Woodlands,Call (832) 887-8747,Weekends At No Extra Charge,Upfront Price Before We Start,"Trained, Insured Techs",Book Online In One Minute,Serving Greater Houston,,,,"Motor burnt out, belt snapped or the opener finally given up? Same-day service.","We service and replace LiftMaster, Chamberlain, Genie and Craftsman openers.",We quote the full price before any work starts. No surprises when the job is done.,"Trained, insured technicians. Weekend appointments at no extra charge.",openers,repair,https://www.tmlgarageservices.com/our-services/garage-door-opener-installation
TML | Search | Components & Symptoms,,,,,,,,,Symptoms,,,,,Responsive search ad,Enabled,Garage Door Won't Open?,Garage Door Won't Close?,Door Stuck Or Off Track?,We Fix It Same Day,Same-Day Garage Door Repair,Conroe & The Woodlands,Call (832) 887-8747,Weekends At No Extra Charge,Upfront Price Before We Start,"Trained, Insured Techs",Book Online In One Minute,Serving Greater Houston,,,,"Stuck, crooked, noisy or off its track? Same-day appointments across Conroe.",We quote the full price before any work starts. No surprises at the end.,"Trained, insured technicians. Weekend appointments at no extra charge.","Book online in about a minute, or call and speak to someone in Conroe today.",garage-door,repair,https://www.tmlgarageservices.com/services
TML | Search | Components & Symptoms,,,,,,,,,Install Near Me,,,,,Responsive search ad,Enabled,Garage Door Install Near You,Local Conroe Installers,Free On-Site Measure,"New Door, Fitted Right",Same-Day Garage Door Repair,Conroe & The Woodlands,Call (832) 887-8747,Weekends At No Extra Charge,Upfront Price Before We Start,"Trained, Insured Techs",Book Online In One Minute,Serving Greater Houston,,,,New garage door measured and fitted by a local Conroe team. Free on-site quote.,Full price confirmed before anything is ordered.,"Trained, insured technicians. Weekend appointments at no extra charge.","Book online in about a minute, or call and speak to someone in Conroe today.",new-door,installation,https://www.tmlgarageservices.com/our-services/residential-garage-door-services
TML | Search | Head Terms,,,,,,,,,Repair Core,,,,,Responsive search ad,Enabled,Garage Door Repair Near You,Local Conroe Garage Door Co,Same-Day Appointments,"Repaired Today, Not Next Week",Same-Day Garage Door Repair,Conroe & The Woodlands,Call (832) 887-8747,Weekends At No Extra Charge,Upfront Price Before We Start,"Trained, Insured Techs",Book Online In One Minute,Serving Greater Houston,,,,"Same-day appointments across Conroe, The Woodlands and Spring. Call (832) 887-8747.",We quote the full price before any work starts. No surprises when the job is done.,"Trained, insured technicians. Weekend appointments at no extra charge.","Book online in about a minute, or call and speak to someone in Conroe today.",garage-door,repair,https://www.tmlgarageservices.com/services
TML | Search | Head Terms,,,,,,,,,Springs Head,,,,,Responsive search ad,Enabled,Garage Door Spring Repair,Broken Spring? Same Day,Springs Replaced In Pairs,Same-Day Garage Door Repair,Conroe & The Woodlands,Call (832) 887-8747,Weekends At No Extra Charge,Upfront Price Before We Start,"Trained, Insured Techs",Book Online In One Minute,Serving Greater Houston,,,,,Broken spring? Same-day replacement by trained technicians across Conroe.,We replace springs in matched pairs so you are not paying for a second call.,We quote the full price before any work starts. No surprises when the job is done.,"Trained, insured technicians. Weekend appointments at no extra charge.",springs,repair,https://www.tmlgarageservices.com/our-services/garage-door-spring-replacement
TML | Search | Head Terms,,,,,,,,,Local Towns,,,,,Responsive search ad,Enabled,Garage Door Repair Conroe,"Serving The Woodlands, TX","Based Here, Not Out Of Town",Same-Day In Montgomery Co.,Same-Day Garage Door Repair,Conroe & The Woodlands,Call (832) 887-8747,Weekends At No Extra Charge,Upfront Price Before We Start,"Trained, Insured Techs",Book Online In One Minute,Serving Greater Houston,,,,"A Conroe team, not a call centre. Same-day across The Woodlands, Spring and Willis.",We quote the full price before any work starts.,"Trained, insured technicians. Weekend appointments at no extra charge.","Book online in about a minute, or call and speak to someone in Conroe today.",conroe,repair,https://www.tmlgarageservices.com/services
TML | Search | Head Terms,,,,,,,,,Emergency Capped,,,,,Responsive search ad,Enabled,Same-Day Garage Door Repair,Open Today - Call Now,"Weekend Repairs, No Surcharge",Garage Door Repaired Today,Conroe & The Woodlands,Call (832) 887-8747,Weekends At No Extra Charge,Upfront Price Before We Start,"Trained, Insured Techs",Book Online In One Minute,Serving Greater Houston,,,,,Door stuck or won't open? Same-day appointments across Conroe and The Woodlands.,Call and speak to a person. Full price quoted before any work begins.,"Trained, insured technicians. Weekend appointments at no extra charge.","Book online in about a minute, or call and speak to someone in Conroe today.",same-day,repair,https://www.tmlgarageservices.com/contact
TML | Search | Head Terms,,,,,,,,,Tune Up,,,,,Responsive search ad,Enabled,Garage Door Tune-Up,Keep It Running Quietly,Book A Service Visit,Annual Door Maintenance,Same-Day Garage Door Repair,Conroe & The Woodlands,Call (832) 887-8747,Weekends At No Extra Charge,Upfront Price Before We Start,"Trained, Insured Techs",Book Online In One Minute,Serving Greater Houston,,,,Texas heat is hard on door hardware. Book a tune-up and keep it running quietly.,"Balance check, lubrication, safety reverse test and every fixing tightened.","Trained, insured technicians. Weekend appointments at no extra charge.","Book online in about a minute, or call and speak to someone in Conroe today.",tune-up,service,https://www.tmlgarageservices.com/schedule-consult
TML | Search | Install & Replace,,,,,,,,,New Door Install,,,,,Responsive search ad,Enabled,New Garage Door Install,Garage Door Replacement,Free On-Site Measure,"New Door, Fitted Right",Same-Day Garage Door Repair,Conroe & The Woodlands,Call (832) 887-8747,Weekends At No Extra Charge,Upfront Price Before We Start,"Trained, Insured Techs",Book Online In One Minute,Serving Greater Houston,,,,"New garage door fitted by trained, insured technicians across greater Houston.",We measure on site and quote the full price before anything is ordered.,"Trained, insured technicians. Weekend appointments at no extra charge.","Book online in about a minute, or call and speak to someone in Conroe today.",new-door,installation,https://www.tmlgarageservices.com/our-services/residential-garage-door-services
TML | Search | Install & Replace,,,,,,,,,Door Types,,,,,Responsive search ad,Enabled,Insulated Garage Doors,Carriage & Modern Doors,Custom Garage Doors,"Steel, Wood & Glass Doors",Same-Day Garage Door Repair,Conroe & The Woodlands,Call (832) 887-8747,Weekends At No Extra Charge,Upfront Price Before We Start,"Trained, Insured Techs",Book Online In One Minute,Serving Greater Houston,,,,"Insulated, carriage, modern and custom doors fitted across Conroe and Spring.",An insulated door makes a real difference to an attached garage in a Texas summer.,"Trained, insured technicians. Weekend appointments at no extra charge.","Book online in about a minute, or call and speak to someone in Conroe today.",new-door,styles,https://www.tmlgarageservices.com/our-services/residential-garage-door-services
TML | Search | Install & Replace,,,,,,,,,Opener Install & Brands,,,,,Responsive search ad,Enabled,New Garage Door Opener,LiftMaster Installation,Quiet Belt Drive Openers,Opener Fitted Same Day,Same-Day Garage Door Repair,Conroe & The Woodlands,Call (832) 887-8747,Weekends At No Extra Charge,Upfront Price Before We Start,"Trained, Insured Techs",Book Online In One Minute,Serving Greater Houston,,,,"LiftMaster, Chamberlain, Genie and Craftsman openers supplied and fitted.",Quiet belt drive for attached garages. Battery backup for storm season.,"Trained, insured technicians. Weekend appointments at no extra charge.","Book online in about a minute, or call and speak to someone in Conroe today.",openers,installation,https://www.tmlgarageservices.com/our-services/garage-door-opener-installation
TML | Search | Commercial & Gates,,,,,,,,,Commercial Overhead,,,,,Responsive search ad,Enabled,Commercial Overhead Doors,Roll-Up & Dock Door Repair,Business Door Service,Commercial Door Repair,Conroe & The Woodlands,Call (832) 887-8747,Weekends At No Extra Charge,Upfront Price Before We Start,"Trained, Insured Techs",Book Online In One Minute,Serving Greater Houston,,,,,"Overhead, roll-up and dock door repair for businesses across greater Houston.",Downtime costs money. Same-day and emergency commercial appointments.,We quote the full price before any work starts. No surprises when the job is done.,"Trained, insured technicians. Weekend appointments at no extra charge.",commercial,overhead-doors,https://www.tmlgarageservices.com/our-services/commercial-overhead-door-services
TML | Search | Commercial & Gates,,,,,,,,,Gates,,,,,Responsive search ad,Enabled,Driveway Gate Repair,Gate Opener Service,Automatic Gate Repair,Gate Not Opening?,Conroe & The Woodlands,Call (832) 887-8747,Weekends At No Extra Charge,Upfront Price Before We Start,"Trained, Insured Techs",Book Online In One Minute,Serving Greater Houston,,,,,"Driveway gate and gate operator repair, service and installation.",Gate stuck open or motor dead? Same-day appointments across greater Houston.,We quote the full price before any work starts. No surprises when the job is done.,"Trained, insured technicians. Weekend appointments at no extra charge.",gates,repair,https://www.tmlgarageservices.com/our-services/residential-driveway-gate-services
TML | Search | Competitor,,,,,,,,,Competitor Brands,,,,,Responsive search ad,Enabled,Garage Door Repair Conroe,Compare Local Garage Door Co,Same-Day Appointments,"Upfront Price, No Surprises","Based In Conroe, TX",Conroe & The Woodlands,Call (832) 887-8747,Weekends At No Extra Charge,Upfront Price Before We Start,"Trained, Insured Techs",Book Online In One Minute,Serving Greater Houston,,,,Comparing garage door companies? Same-day appointments and upfront pricing.,A local Conroe team. Full price quoted before any work starts.,"Trained, insured technicians. Weekend appointments at no extra charge.","Book online in about a minute, or call and speak to someone in Conroe today.",compare,conroe,https://www.tmlgarageservices.com/services
TML | Search | Brand,,,,,,,,,TML Brand,,,,,Responsive search ad,Enabled,TML Garage Door Services,Official TML Site,"Conroe, TX - Call Us",Book With TML Directly,Conroe & The Woodlands,Call (832) 887-8747,Weekends At No Extra Charge,Upfront Price Before We Start,"Trained, Insured Techs",Book Online In One Minute,Serving Greater Houston,,,,,"Same-day appointments across Conroe, The Woodlands and Spring. Call (832) 887-8747.",We quote the full price before any work starts. No surprises when the job is done.,"Trained, insured technicians. Weekend appointments at no extra charge.","Book online in about a minute, or call and speak to someone in Conroe today.",tml,official,https://www.tmlgarageservices.com/
